city,high,low,measurement,midnight,pollutant,site,year
London,18.30335275773006,20.640990850182927,µg/m3,21.821168708312886,PM10,Station_GB0620A,2016.0
London,20.65249266536657,17.510204078542277,µg/m3,20.07034883389535,PM10,Station_GB0636A,2016.0
London,26.618443800317003,21.60256409903134,µg/m3,25.170857139600002,PM10,Station_GB0682A,2016.0
London,,,µg/m3,14.31924615123077,PM10,Station_GB0620A,2016.0
London,,,µg/m3,25.42763636057851,PM10,Station_GB0682A,2016.0
London,23.643529408500005,20.37464387088319,µg/m3,22.70028489709402,PM10,Station_GB1012A,2016.0
London,27.999686516489028,23.025825822702704,µg/m3,25.871601205015104,PM10,Station_GB1033A,2016.0
London,18.809374996818182,19.02808988480337,µg/m3,20.06807909276836,PM10,Station_GB0566A,2016.0
London,14.420488742218648,17.332697157886436,µg/m3,18.225772149082278,PM10,Station_GB0620A,2017.0
London,20.58379204562691,16.67661538123077,µg/m3,19.309509198496933,PM10,Station_GB0636A,2017.0
London,24.37414772375001,19.641242934887007,µg/m3,23.304558400427354,PM10,Station_GB0682A,2017.0
London,,,µg/m3,25.18540668189415,PM10,Station_GB0682A,2017.0
London,21.433734936656627,18.859939755843374,µg/m3,21.500302110906347,PM10,Station_GB1012A,2017.0
London,27.51681159026087,20.170538240339944,µg/m3,22.48689458367522,PM10,Station_GB1033A,2017.0
London,16.23873836895349,15.895477007614943,µg/m3,17.479908042500004,PM10,Station_GB0566A,2017.0
London,12.854041092630135,14.040136983013698,µg/m3,14.406301366520548,PM10,Station_GB0620A,2018.0
London,20.31553671974576,17.715536719915253,µg/m3,19.622816898,PM10,Station_GB0636A,2018.0
London,24.128977268892047,20.70140844667606,µg/m3,23.568450700281687,PM10,Station_GB0682A,2018.0
London,,,µg/m3,23.786619182761626,PM10,Station_GB0682A,2018.0
London,16.914062496937497,16.173374609597527,µg/m3,17.059133123839008,PM10,Station_GB0566A,2018.0
London,10.759025784154728,12.390804594281612,µg/m3,12.871839076465516,PM2.5,Station_GB0566A,2016.0
London,16.388019939886043,13.656898301327683,µg/m3,15.614730874815864,PM2.5,Station_GB0682A,2016.0
London,9.207418392908012,11.506306302882884,µg/m3,12.282934128203593,PM2.5,Station_GB0608A,2016.0
London,11.088571424730159,12.255864193734567,µg/m3,12.859752318575852,PM2.5,Station_GB0586A,2016.0
London,,,µg/m3,7.848701435251798,PM2.5,Station_GB0620A,2016.0
London,,,µg/m3,13.937866852974503,PM2.5,Station_GB0682A,2016.0
London,10.348688042915454,13.288011692543861,µg/m3,13.897947210733138,PM2.5,Station_GB0620A,2016.0
London,,,µg/m3,9.66784035876506,PM2.5,Station_GB0743A,2016.0
London,14.03087818388102,14.140960448559325,µg/m3,15.511363632869319,PM2.5,Station_GB0636A,2016.0
London,13.88461538,13.384615382051283,µg/m3,15.205128201794873,PM2.5,Station_GB0637A,2016.0
London,9.836363632848487,11.798791537250755,µg/m3,12.380664648821753,PM2.5,Station_GB0959A,2016.0
London,7.561609903839009,9.497846150953846,µg/m3,10.45882352622291,PM2.5,Station_GB1025A,2016.0
London,9.896755098717202,10.785166177230321,µg/m3,11.940651022844575,PM2.5,Station_GB0566A,2017.0
London,15.580341877037036,12.957954541789773,µg/m3,15.620170451250003,PM2.5,Station_GB0682A,2017.0
London,9.420058993185842,11.276589592023122,µg/m3,12.34709301991279,PM2.5,Station_GB0608A,2017.0
London,11.278456587363346,12.90310558673913,µg/m3,13.60062304975078,PM2.5,Station_GB0586A,2017.0
London,,,µg/m3,13.530002870574714,PM2.5,Station_GB0682A,2017.0
London,9.75396341070122,12.371641787701492,µg/m3,13.302121208969696,PM2.5,Station_GB0620A,2017.0
London,,,µg/m3,9.289200569684814,PM2.5,Station_GB0743A,2017.0
London,15.27429378220339,14.943380278366195,µg/m3,16.579999996760566,PM2.5,Station_GB0636A,2017.0
London,14.21456310339806,16.445192304423077,µg/m3,17.21981131764151,PM2.5,Station_GB0959A,2017.0
London,9.24143835270548,10.834448156555183,µg/m3,11.930897006411959,PM2.5,Station_GB1025A,2017.0
London,9.165976327840237,10.520882349617649,µg/m3,11.034513270914456,PM2.5,Station_GB0566A,2018.0
London,16.033911312171252,14.171746947591465,µg/m3,15.810701803644578,PM2.5,Station_GB0682A,2018.0
London,10.693074788781164,12.510497233646408,µg/m3,13.24349030099723,PM2.5,Station_GB0608A,2018.0
London,9.09504950118812,10.455775574158418,µg/m3,10.955445541056104,PM2.5,Station_GB0586A,2018.0
London,,,µg/m3,12.203400599849397,PM2.5,Station_GB0682A,2018.0
London,7.5570273928493155,10.036471229013697,µg/m3,10.099452051260274,PM2.5,Station_GB0620A,2018.0
London,,,µg/m3,8.413913789310344,PM2.5,Station_GB0743A,2018.0
London,10.573230765630768,10.517445479439251,µg/m3,11.828348906137071,PM2.5,Station_GB0636A,2018.0
London,10.138243622351276,12.00056656898017,µg/m3,12.337677049999998,PM2.5,Station_GB1025A,2018.0
London,10.359848484848484,12.354716981132075,µg/m3,12.622641509433961,PM2.5,Station_GB0743A,2018.0
London,75.74295894357341,57.19419633419719,µg/m3,67.23480257333334,NOX as NO2,Station_GB0566A,2016.0
London,35.8192671432964,34.389608483529415,µg/m3,42.55547350610028,NOX as NO2,Station_GB0608A,2016.0
London,49.22094729647384,52.82770063038568,µg/m3,61.33798600201101,NOX as NO2,Station_GB0620A,2016.0
London,138.61673196515625,97.40506008819018,µg/m3,121.02144209512346,NOX as NO2,Station_GB0624A,2016.0
London,98.2007394219399,84.37357884879782,µg/m3,94.8316102150411,NOX as NO2,Station_GB0637A,2016.0
London,239.24651403447803,75.29016016002733,µg/m3,114.99727744832879,NOX as NO2,Station_GB0636A,2016.0
London,31.161351968520545,25.61161798907063,µg/m3,34.752239969123295,NOX as NO2,Station_GB0586A,2016.0
London,117.89129761404433,77.05931560403315,µg/m3,101.30996492739614,NOX as NO2,Station_GB0642A,2016.0
London,388.25536902930935,139.9322239361157,µg/m3,217.99263467770083,NOX as NO2,Station_GB0682A,2016.0
London,59.97534053927602,39.307618104729734,µg/m3,48.893534500810816,NOX as NO2,Station_GB0743A,2016.0
London,22.63906297754808,28.947486726923078,µg/m3,33.85639545114832,NOX as NO2,Station_GB0644A,2016.0
London,142.0621394865646,78.52037607191127,µg/m3,105.91951301362712,NOX as NO2,Station_GB1012A,2016.0
London,38.461194223425416,34.48234985583098,µg/m3,45.96489935939058,NOX as NO2,Station_GB1024A,2016.0
London,63.09257872227146,45.33547423432133,µg/m3,59.74528174627778,NOX as NO2,Station_GB0566A,2017.0
London,35.12176114899136,29.688329108223495,µg/m3,37.64820541189112,NOX as NO2,Station_GB0608A,2017.0
London,43.30210391917127,42.20211194183562,µg/m3,54.68869595758242,NOX as NO2,Station_GB0620A,2017.0
London,121.92984999632597,78.30732576532968,µg/m3,104.03073104621546,NOX as NO2,Station_GB0624A,2017.0
London,82.52953536569864,59.69091523443223,µg/m3,85.87783046296703,NOX as NO2,Station_GB0637A,2017.0
London,182.53375861952097,56.7774496979403,µg/m3,91.80625826489552,NOX as NO2,Station_GB0636A,2017.0
London,28.49729516173077,23.130300324262297,µg/m3,29.290203705467036,NOX as NO2,Station_GB0586A,2017.0
London,108.55105506473828,71.39720930738292,µg/m3,94.1724278630471,NOX as NO2,Station_GB0642A,2017.0
London,384.9107545794445,121.7217955731044,µg/m3,209.64404640555247,NOX as NO2,Station_GB0682A,2017.0
London,56.30556822639344,34.41313459897351,µg/m3,45.254807595032894,NOX as NO2,Station_GB0743A,2017.0
London,101.17872872533898,51.05418201280112,µg/m3,76.38855478523944,NOX as NO2,Station_GB1012A,2017.0
London,31.881791996767124,31.085496187972602,µg/m3,41.69383180939561,NOX as NO2,Station_GB1024A,2017.0
London,55.106293946298344,40.02388668169916,µg/m3,51.19084661584488,NOX as NO2,Station_GB0566A,2018.0
London,30.32601379801653,27.544287902479343,µg/m3,34.45299854027473,NOX as NO2,Station_GB0608A,2018.0
London,35.52399863867036,34.118622468818685,µg/m3,43.33187362277473,NOX as NO2,Station_GB0620A,2018.0
London,115.666344001875,76.88765546359772,µg/m3,99.31716903011366,NOX as NO2,Station_GB0624A,2018.0
London,76.96344065400001,49.042665995972605,µg/m3,70.86768900969864,NOX as NO2,Station_GB0637A,2018.0
London,162.35506279594287,51.89548319634285,µg/m3,85.43963670039774,NOX as NO2,Station_GB0636A,2018.0
London,21.259020352849316,25.910504189354842,µg/m3,23.8021564620274,NOX as NO2,Station_GB0586A,2018.0
London,85.93347403178363,53.759446408549614,µg/m3,74.17841267871721,NOX as NO2,Station_GB0642A,2018.0
London,324.96939707930557,120.4774876696676,µg/m3,190.1505716868698,NOX as NO2,Station_GB0682A,2018.0
London,49.70635779943662,33.34467712747159,µg/m3,41.07978544570224,NOX as NO2,Station_GB0743A,2018.0
London,88.33852563701923,48.92953817498403,µg/m3,68.57045066964744,NOX as NO2,Station_GB1012A,2018.0
London,26.815642414010988,25.08556349297386,µg/m3,33.437848078191784,NOX as NO2,Station_GB1024A,2018.0
London,23.256326007867035,21.4720947862465,µg/m3,26.15637587384401,NO2,Station_GB0608A,2016.0
London,33.449967764793385,30.15023696630854,µg/m3,37.8532618692562,NO2,Station_GB0620A,2016.0
London,57.215381933593754,44.56218926,µg/m3,53.63952632256173,NO2,Station_GB0624A,2016.0
London,44.88958999612022,40.596822782896176,µg/m3,43.99819311958904,NO2,Station_GB0637A,2016.0
London,86.48415216689561,40.21684841155738,µg/m3,54.18930325657535,NO2,Station_GB0636A,2016.0
London,20.86983279109589,19.41563914174721,µg/m3,21.92457575010959,NO2,Station_GB0586A,2016.0
London,57.58102570279779,36.79947320058011,µg/m3,46.25959805720222,NO2,Station_GB0642A,2016.0
London,113.49754524519338,55.99745443115703,µg/m3,76.76637409576178,NO2,Station_GB0682A,2016.0
London,36.96231465683258,26.725319951441445,µg/m3,34.95412098707207,NO2,Station_GB0743A,2016.0
London,58.18001832962585,36.12913760675768,µg/m3,46.10182877579661,NO2,Station_GB1012A,2016.0
London,25.10720250986188,20.693742588112674,µg/m3,28.443063486565094,NO2,Station_GB1024A,2016.0
London,18.490477881009614,20.598631967499998,µg/m3,24.684633345645935,NO2,Station_GB0644A,2016.0
London,44.08215633972299,32.840860672,µg/m3,41.48807534638655,NO2,Station_GB0566A,2016.0
London,24.627630918876083,20.315768907879658,µg/m3,25.338473119426936,NO2,Station_GB0608A,2017.0
London,31.541669747430937,27.941059859068492,µg/m3,36.35246343016483,NO2,Station_GB0620A,2017.0
London,54.663599885414364,40.1543529356044,µg/m3,49.002634360690614,NO2,Station_GB0624A,2017.0
London,42.051052242383555,34.17496204794872,µg/m3,42.26095639747253,NO2,Station_GB0637A,2017.0
London,66.08006179221557,33.24796265307462,µg/m3,45.864063130059705,NO2,Station_GB0636A,2017.0
London,19.94864859510989,16.427731963879783,µg/m3,19.35691244151099,NO2,Station_GB0586A,2017.0
London,57.96294233746556,38.6526514838292,µg/m3,47.45830476044321,NO2,Station_GB0642A,2017.0
London,109.82813835783332,50.370566094560445,µg/m3,71.30006444353592,NO2,Station_GB0682A,2017.0
London,38.4682961272459,28.18260519460265,µg/m3,35.100229733289474,NO2,Station_GB0743A,2017.0
London,46.236756521355936,28.61331851162465,µg/m3,39.41580022132394,NO2,Station_GB1012A,2017.0
London,23.866233311342462,20.314695612547943,µg/m3,27.445850216318682,NO2,Station_GB1024A,2017.0
London,41.06811509296399,29.42207664468144,µg/m3,39.15157644069445,NO2,Station_GB0566A,2017.0
London,21.77388129110193,19.59760027201102,µg/m3,24.100807084945057,NO2,Station_GB0608A,2018.0
London,27.802618638919668,25.373200957637366,µg/m3,32.18508046326924,NO2,Station_GB0620A,2018.0
London,54.139785450000005,39.952932007082154,µg/m3,48.072096586647724,NO2,Station_GB0624A,2018.0
London,42.320106571041094,31.07086624257535,µg/m3,40.18645057142466,NO2,Station_GB0637A,2018.0
London,67.32702256714286,33.617606053457145,µg/m3,45.43972590548296,NO2,Station_GB0636A,2018.0
London,15.803632516958906,15.417628060645159,µg/m3,16.802454982547946,NO2,Station_GB0586A,2018.0
London,48.48583517154971,35.7518496151145,µg/m3,44.06909407781342,NO2,Station_GB0642A,2018.0
London,108.97129688536111,57.35773434454293,µg/m3,76.78412994074793,NO2,Station_GB0682A,2018.0
London,33.29037731997183,26.143729513380677,µg/m3,30.574790614269663,NO2,Station_GB0743A,2018.0
London,43.291436855128204,27.83081178536741,µg/m3,36.686393361762825,NO2,Station_GB1012A,2018.0
London,21.329714941620878,19.144738525555557,µg/m3,24.916651092109586,NO2,Station_GB1024A,2018.0
London,38.683422565524864,28.397431027214484,µg/m3,36.92134027304709,NO2,Station_GB0566A,2018.0
Greater%20Manchester,16.385714282857144,16.969090905939396,µg/m3,18.632326280755287,PM10,Station_GB0660A,2016.0
Greater%20Manchester,15.562280698128655,14.03265895632948,µg/m3,15.708985504202898,PM10,Station_GB1040A,2016.0
Greater%20Manchester,15.18218390454023,15.644886360170455,µg/m3,17.283238632897728,PM10,Station_GB0660A,2017.0
Greater%20Manchester,14.806906903423425,13.76126125774775,µg/m3,15.365165161981981,PM10,Station_GB1040A,2017.0
Greater%20Manchester,15.919506366114648,14.888809520476189,µg/m3,16.071044299620254,PM10,Station_GB0660A,2018.0
Greater%20Manchester,16.261573909971013,15.167822153731779,µg/m3,16.041258717703485,PM10,Station_GB1040A,2018.0
Greater%20Manchester,10.383061885732898,9.096381576250002,µg/m3,10.155555552385621,PM2.5,Station_GB0613A,2016.0
Greater%20Manchester,9.185672511842105,10.716860461598838,µg/m3,12.155393582478135,PM2.5,Station_GB0660A,2016.0
Greater%20Manchester,9.457327582629311,11.476371304599157,µg/m3,12.300843878818565,PM2.5,Station_GB0864A,2016.0
Greater%20Manchester,9.372543349508671,7.038483961982507,µg/m3,8.536023051354466,PM2.5,Station_GB0613A,2017.0
Greater%20Manchester,9.345272202636103,11.422571425228572,µg/m3,12.587142853428574,PM2.5,Station_GB0660A,2017.0
Greater%20Manchester,8.887650599246989,10.745092020920247,µg/m3,11.711999996553844,PM2.5,Station_GB0864A,2017.0
Greater%20Manchester,11.48965516933908,9.263478257710144,µg/m3,10.248554909855493,PM2.5,Station_GB0613A,2018.0
Greater%20Manchester,9.844310227722772,10.871720391677632,µg/m3,11.433819668295083,PM2.5,Station_GB0660A,2018.0
Greater%20Manchester,10.196193767716263,11.694463664429065,µg/m3,12.944982695363322,PM2.5,Station_GB0864A,2018.0
Greater%20Manchester,82.40024855948276,47.60322437648415,µg/m3,68.0913371429395,NOX as NO2,Station_GB0613A,2016.0
Greater%20Manchester,49.77996333882022,47.061758815571956,µg/m3,52.23857911798867,NOX as NO2,Station_GB0660A,2016.0
Greater%20Manchester,19.686012393305784,24.001170161845728,µg/m3,28.52290567096419,NOX as NO2,Station_GB0034R,2016.0
Greater%20Manchester,36.253115774910185,35.943651803534145,µg/m3,37.78894800855422,NOX as NO2,Station_GB0864A,2016.0
Greater%20Manchester,96.6043270154039,30.7473219595092,µg/m3,56.50063274388102,NOX as NO2,Station_GB1031A,2016.0
Greater%20Manchester,62.728949563948134,34.725140025565224,µg/m3,46.31530802527537,NOX as NO2,Station_GB1040A,2016.0
Greater%20Manchester,67.70344982670423,41.27848731675471,µg/m3,53.55471194002818,NOX as NO2,Station_GB0613A,2017.0
Greater%20Manchester,43.54001678258241,38.20172732933333,µg/m3,38.54985159415978,NOX as NO2,Station_GB0660A,2017.0
Greater%20Manchester,16.91381907064815,17.084710088769228,µg/m3,19.533481534830774,NOX as NO2,Station_GB0034R,2017.0
Greater%20Manchester,27.68686090304945,23.553971743014085,µg/m3,28.908985065316802,NOX as NO2,Station_GB0864A,2017.0
Greater%20Manchester,90.66527363236916,32.10304976805714,µg/m3,61.50216843192737,NOX as NO2,Station_GB1031A,2017.0
Greater%20Manchester,57.86856125978023,27.830819722136987,µg/m3,40.60998861892562,NOX as NO2,Station_GB1040A,2017.0
Greater%20Manchester,64.26834399016529,37.65368624988981,µg/m3,48.98496580895317,NOX as NO2,Station_GB0613A,2018.0
Greater%20Manchester,35.476050079501384,32.43526596853521,µg/m3,37.06452041401114,NOX as NO2,Station_GB0660A,2018.0
Greater%20Manchester,16.29054538125874,15.356865136573427,µg/m3,19.40747730388112,NOX as NO2,Station_GB0034R,2018.0
Greater%20Manchester,24.909334434831457,21.73991742522857,µg/m3,25.685641417158774,NOX as NO2,Station_GB0864A,2018.0
Greater%20Manchester,75.5091158554648,23.162411484290654,µg/m3,49.706032489570205,NOX as NO2,Station_GB1031A,2018.0
Greater%20Manchester,44.65152043468493,27.989969064301373,µg/m3,37.37135364019178,NOX as NO2,Station_GB1040A,2018.0
Greater%20Manchester,45.83914924864943,32.757784204005766,µg/m3,39.246069880951005,NO2,Station_GB0613A,2016.0
Greater%20Manchester,29.58737870412921,27.340390623874537,µg/m3,28.51642614322946,NO2,Station_GB0660A,2016.0
Greater%20Manchester,14.300059169614324,14.267696938181818,µg/m3,18.28395591922865,NO2,Station_GB0034R,2016.0
Greater%20Manchester,20.64450730170659,20.66479638188755,µg/m3,21.460680357861445,NO2,Station_GB0864A,2016.0
Greater%20Manchester,41.689806263342625,16.907120793803685,µg/m3,26.692895067450426,NO2,Station_GB1031A,2016.0
Greater%20Manchester,33.00387596167147,19.718131039855074,µg/m3,25.705872721101446,NO2,Station_GB1040A,2016.0
Greater%20Manchester,40.2807179956338,28.462171543811323,µg/m3,34.43705444704225,NO2,Station_GB0613A,2017.0
Greater%20Manchester,27.820827524230772,25.135378440333337,µg/m3,23.5702625306887,NO2,Station_GB0660A,2017.0
Greater%20Manchester,12.587766755648147,11.583609996584617,µg/m3,14.516572950461539,NO2,Station_GB0034R,2017.0
Greater%20Manchester,17.57768744104396,17.209510418647888,µg/m3,18.60736040969697,NO2,Station_GB0864A,2017.0
Greater%20Manchester,40.168823935592286,16.99349459625714,µg/m3,27.805218432067043,NO2,Station_GB1031A,2017.0
Greater%20Manchester,31.773202908516485,18.099256105397263,µg/m3,24.766931924848485,NO2,Station_GB1040A,2017.0
Greater%20Manchester,39.439879169586774,27.40539476256199,µg/m3,32.39015652539945,NO2,Station_GB0613A,2018.0
Greater%20Manchester,23.874303874210526,23.57074379938028,µg/m3,24.428862280501395,NO2,Station_GB0660A,2018.0
Greater%20Manchester,13.600719087342657,12.132406674650351,µg/m3,15.084466989545454,NO2,Station_GB0034R,2018.0
Greater%20Manchester,16.6094794627809,16.218539996457142,µg/m3,17.740500386211696,NO2,Station_GB0864A,2018.0
Greater%20Manchester,35.12757934819718,14.142498092768166,µg/m3,24.02079028292264,NO2,Station_GB1031A,2018.0
Greater%20Manchester,26.997284544219184,18.717015338630137,µg/m3,23.601439695041098,NO2,Station_GB1040A,2018.0
Amsterdam,21.64757575375758,21.41610941863222,µg/m3,22.825835862735563,PM10,STA-NL00007,2016.0
Amsterdam,17.117522655105745,20.224324320240243,µg/m3,21.42492492165165,PM10,STA-NL00012,2016.0
Amsterdam,14.566066061891892,16.440895518985077,µg/m3,17.922356491540786,PM10,STA-NL00014,2016.0
Amsterdam,17.466360852966364,21.158484845151516,µg/m3,22.717272723333334,PM10,STA-NL00016,2016.0
Amsterdam,18.708256876819572,19.675449098233535,µg/m3,20.30360359963964,PM10,STA-NL00017,2016.0
Amsterdam,20.625147925621302,21.15545722345133,µg/m3,22.09556212642012,PM10,STA-NL00020,2016.0
Amsterdam,22.75679451772603,18.10560439225275,µg/m3,20.07561983129477,PM10,STA-NL00545,2016.0
Amsterdam,20.946865668149258,22.431343279462688,µg/m3,23.920474773679526,PM10,STA-NL00701,2016.0
Amsterdam,21.502528086404496,20.868945865270657,µg/m3,21.554390930906518,PM10,STA-NL00007,2017.0
Amsterdam,19.047471906544942,21.29859154540845,µg/m3,22.040112990536723,PM10,STA-NL00012,2017.0
Amsterdam,16.142178767374304,17.079943499067795,µg/m3,17.220113311246457,PM10,STA-NL00014,2017.0
Amsterdam,20.064723029067054,22.295223876805974,µg/m3,21.994524491873197,PM10,STA-NL00016,2017.0
Amsterdam,19.038920451505682,19.4822535176338,µg/m3,20.623728809717516,PM10,STA-NL00017,2017.0
Amsterdam,21.395856349723754,22.03922651544199,µg/m3,23.90886426252078,PM10,STA-NL00020,2017.0
Amsterdam,19.21274787209632,20.478651682528092,µg/m3,20.774929573802815,PM10,STA-NL00701,2017.0
Amsterdam,21.332303367556182,20.3427762005949,µg/m3,21.180626777293448,PM10,STA-NL00007,2018.0
Amsterdam,19.648158636770543,21.88222221866667,µg/m3,23.122777774666666,PM10,STA-NL00012,2018.0
Amsterdam,17.92039105810056,18.848189411977714,µg/m3,19.733240219581006,PM10,STA-NL00014,2018.0
Amsterdam,20.06158357407625,21.63008849159292,µg/m3,22.971681412536874,PM10,STA-NL00016,2018.0
Amsterdam,19.753235290470588,20.08636363230303,µg/m3,21.236176466882352,PM10,STA-NL00017,2018.0
Amsterdam,20.868055552388892,21.15125347816156,µg/m3,23.43537604130919,PM10,STA-NL00020,2018.0
Amsterdam,18.58347825756522,19.395942025710145,µg/m3,20.291954019166667,PM10,STA-NL00701,2018.0
Amsterdam,12.30709876197531,13.526234564722222,µg/m3,14.981645566234178,PM2.5,STA-NL00007,2016.0
Amsterdam,11.26892307363077,15.149999996707315,µg/m3,16.73708206325228,PM2.5,STA-NL00012,2016.0
Amsterdam,8.752976187023808,11.386390528994083,µg/m3,12.406886224610776,PM2.5,STA-NL00014,2016.0
Amsterdam,12.292331284754601,14.93130698735562,µg/m3,15.252279631762919,PM2.5,STA-NL00016,2016.0
Amsterdam,11.400299397904192,12.410447758208957,µg/m3,12.651197601437126,PM2.5,STA-NL00017,2016.0
Amsterdam,10.904670326565933,12.215934062829671,µg/m3,12.863736260549452,PM2.5,STA-NL00701,2016.0
Amsterdam,11.88760563028169,12.633238632301136,µg/m3,13.624645888866853,PM2.5,STA-NL00007,2017.0
Amsterdam,11.568221570816327,14.171551720747129,µg/m3,14.540406973313955,PM2.5,STA-NL00012,2017.0
Amsterdam,9.100277774527777,10.518487391624651,µg/m3,10.252354567229917,PM2.5,STA-NL00014,2017.0
Amsterdam,13.343678158017243,14.797653955395894,µg/m3,14.345762708502827,PM2.5,STA-NL00016,2017.0
Amsterdam,13.009523805686273,13.275766013091923,µg/m3,14.069832398435754,PM2.5,STA-NL00017,2017.0
Amsterdam,11.067679554254145,12.076308536776857,µg/m3,11.904683192258954,PM2.5,STA-NL00701,2017.0
Amsterdam,11.688668551728048,12.765142853085713,µg/m3,12.981869684589235,PM2.5,STA-NL00007,2018.0
Amsterdam,12.13506097237805,14.648695649072463,µg/m3,15.83720929901163,PM2.5,STA-NL00012,2018.0
Amsterdam,9.04875345927978,10.90508474220339,µg/m3,11.558263301764708,PM2.5,STA-NL00014,2018.0
Amsterdam,12.463005776705204,14.010724634231883,µg/m3,14.508092482283239,PM2.5,STA-NL00016,2018.0
Amsterdam,12.213802813859155,13.47134670174785,µg/m3,14.192415727191014,PM2.5,STA-NL00017,2018.0
Amsterdam,11.603342614930364,12.880716249752064,µg/m3,13.27999999687324,PM2.5,STA-NL00701,2018.0
Amsterdam,127.62270016334261,74.89339941508428,ugNO2/m3,105.2925186212605,NOX as NO2,STA-NL00002,2016.0
Amsterdam,29.62533944383978,26.548190405276245,ugNO2/m3,31.89645720140884,NOX as NO2,STA-NL00003,2016.0
Amsterdam,115.7380634494199,48.08992564298343,ugNO2/m3,68.91754225279006,NOX as NO2,STA-NL00007,2016.0
Amsterdam,67.83841743666666,40.31478745273224,ugNO2/m3,53.55126634639344,NOX as NO2,STA-NL00012,2016.0
Amsterdam,30.36712497671348,26.40307888360563,ugNO2/m3,31.28754789543662,NOX as NO2,STA-NL00014,2016.0
Amsterdam,73.16845062437159,45.764613441565935,ugNO2/m3,56.47145599604396,NOX as NO2,STA-NL00017,2016.0
Amsterdam,40.841392850000005,32.71560162403954,ugNO2/m3,39.34655348943662,NOX as NO2,STA-NL00019,2016.0
Amsterdam,93.27326021699724,52.69709785617079,ugNO2/m3,66.08943082539945,NOX as NO2,STA-NL00020,2016.0
Amsterdam,28.21064164245125,26.45424637,ugNO2/m3,31.630788850056184,NOX as NO2,STA-NL00021,2016.0
Amsterdam,27.327113192928177,24.98568500712707,ugNO2/m3,30.013741907872927,NOX as NO2,STA-NL00022,2016.0
Amsterdam,28.91074310041543,31.125126646498515,ugNO2/m3,33.83680249198813,NOX as NO2,STA-NL00701,2016.0
Amsterdam,125.18319558820936,75.79450549032968,ugNO2/m3,101.7961538424176,NOX as NO2,STA-NL00002,2017.0
Amsterdam,28.137673126897507,25.252354567423822,ugNO2/m3,28.18421052301939,NOX as NO2,STA-NL00003,2017.0
Amsterdam,94.56111110727777,43.379775277331454,ugNO2/m3,58.975630248403355,NOX as NO2,STA-NL00007,2017.0
Amsterdam,59.169999996222224,36.33591159859116,ugNO2/m3,45.243093918729286,NOX as NO2,STA-NL00012,2017.0
Amsterdam,30.054419886325963,24.97071822853591,ugNO2/m3,28.603867400000002,NOX as NO2,STA-NL00014,2017.0
Amsterdam,67.7890756257423,43.57359550210674,ugNO2/m3,52.62044817563026,NOX as NO2,STA-NL00017,2017.0
Amsterdam,37.27170329335165,30.637808215780826,ugNO2/m3,35.09726027046575,NOX as NO2,STA-NL00019,2017.0
Amsterdam,87.30248618392265,51.74462809550965,ugNO2/m3,62.010468316115706,NOX as NO2,STA-NL00020,2017.0
Amsterdam,26.85388888566667,23.016806719327732,ugNO2/m3,27.411204478095236,NOX as NO2,STA-NL00021,2017.0
Amsterdam,25.625138118093925,23.447237566077344,ugNO2/m3,27.422651930000004,NOX as NO2,STA-NL00022,2017.0
Amsterdam,25.77387640073034,25.983240219776533,ugNO2/m3,27.067039102569833,NOX as NO2,STA-NL00701,2017.0
Amsterdam,93.7590027666759,57.63715083432962,ugNO2/m3,76.43324021969275,NOX as NO2,STA-NL00002,2018.0
Amsterdam,25.39863013328767,22.016438352630136,ugNO2/m3,25.372527469010993,NOX as NO2,STA-NL00003,2018.0
Amsterdam,93.7606741533708,41.370254953824364,ugNO2/m3,58.16912180943343,NOX as NO2,STA-NL00007,2018.0
Amsterdam,59.66373625997253,35.133791205274726,ugNO2/m3,44.26785713939561,NOX as NO2,STA-NL00012,2018.0
Amsterdam,24.938781159972297,23.56869805761773,ugNO2/m3,26.975277774333335,NOX as NO2,STA-NL00014,2018.0
Amsterdam,61.161111106999996,39.04435261352617,ugNO2/m3,47.40743801269973,NOX as NO2,STA-NL00017,2018.0
Amsterdam,34.734626035290866,27.62326869429363,ugNO2/m3,33.17583333016667,NOX as NO2,STA-NL00019,2018.0
Amsterdam,76.62904109230138,45.79287670852055,ugNO2/m3,55.11648351260989,NOX as NO2,STA-NL00020,2018.0
Amsterdam,23.381232489495797,21.274358971054134,ugNO2/m3,24.607246373420292,NOX as NO2,STA-NL00021,2018.0
Amsterdam,22.67194444088889,22.89860334849162,ugNO2/m3,25.920612809582174,NOX as NO2,STA-NL00022,2018.0
Amsterdam,23.543013694849318,23.252747248956045,ugNO2/m3,25.25302197423077,NOX as NO2,STA-NL00701,2018.0
Amsterdam,51.87994428604457,35.77696628814607,µg/m3,45.20784313316526,NO2,STA-NL00002,2016.0
Amsterdam,22.632872924834253,21.20911601850829,µg/m3,24.17624308991713,NO2,STA-NL00003,2016.0
Amsterdam,51.35718231687844,30.504696128729286,µg/m3,38.91685082497238,NO2,STA-NL00007,2016.0
Amsterdam,36.48114753729509,27.391803275163934,µg/m3,33.39808742795082,NO2,STA-NL00012,2016.0
Amsterdam,23.837921344578657,21.06929577115493,µg/m3,24.68309858797183,NO2,STA-NL00014,2016.0
Amsterdam,37.9945355151093,28.841758237857142,µg/m3,34.16428570994506,NO2,STA-NL00017,2016.0
Amsterdam,29.640281686366198,25.629943499604522,µg/m3,29.65098591222535,NO2,STA-NL00019,2016.0
Amsterdam,42.08126721413223,29.92644627746557,µg/m3,35.712947654738294,NO2,STA-NL00020,2016.0
Amsterdam,21.01559888225627,19.145786513230338,µg/m3,22.16657303002809,NO2,STA-NL00021,2016.0
Amsterdam,19.876795576187845,19.378453035027626,µg/m3,22.548066294392264,NO2,STA-NL00022,2016.0
Amsterdam,20.789910975311575,23.20207714759644,µg/m3,25.641246286676562,NO2,STA-NL00701,2016.0
Amsterdam,51.326170794986226,35.94862636994506,µg/m3,44.31236263354396,NO2,STA-NL00002,2017.0
Amsterdam,23.147091408891967,21.31080332066482,µg/m3,23.626869803019392,NO2,STA-NL00003,2017.0
Amsterdam,45.065833329305555,29.026966288342695,µg/m3,35.67843136859945,NO2,STA-NL00007,2017.0
Amsterdam,35.14472221844444,26.741160217569064,µg/m3,31.402486183977903,NO2,STA-NL00012,2017.0
Amsterdam,24.587569057016577,20.812154693093923,µg/m3,23.920718228232047,NO2,STA-NL00014,2017.0
Amsterdam,36.549299716442576,27.642134828174154,µg/m3,32.75826330140056,NO2,STA-NL00017,2017.0
Amsterdam,29.104670325824184,25.135342462246577,µg/m3,28.821917804684936,NO2,STA-NL00019,2017.0
Amsterdam,44.515745852845306,31.47768594652893,µg/m3,36.64765839862259,NO2,STA-NL00020,2017.0
Amsterdam,21.968055552,18.358543413837538,µg/m3,21.816526606862748,NO2,STA-NL00021,2017.0
Amsterdam,20.112154692430938,19.119889499281772,µg/m3,22.079005521906076,NO2,STA-NL00022,2017.0
Amsterdam,19.851404490758426,21.71899440986034,µg/m3,22.23854748243017,NO2,STA-NL00701,2017.0
Amsterdam,40.810526311939064,30.32458100167598,µg/m3,36.584357538072624,NO2,STA-NL00002,2018.0
Amsterdam,20.6591780790137,18.726849311178086,µg/m3,21.455219776181316,NO2,STA-NL00003,2018.0
Amsterdam,46.95955055761237,29.12606231898017,µg/m3,36.83597733339943,NO2,STA-NL00007,2018.0
Amsterdam,35.79890109516484,25.8818681285989,µg/m3,30.6909340620055,NO2,STA-NL00012,2018.0
Amsterdam,21.46398891587258,19.95429362526316,µg/m3,22.61499999652778,NO2,STA-NL00014,2018.0
Amsterdam,35.363055551722226,26.166942144820936,µg/m3,30.55509641509642,NO2,STA-NL00017,2018.0
Amsterdam,28.12576176903047,23.276177281634347,µg/m3,27.598888885194448,NO2,STA-NL00019,2018.0
Amsterdam,41.24657533846575,29.09726027008219,µg/m3,34.25027472173077,NO2,STA-NL00020,2018.0
Amsterdam,19.3999999967507,16.995156691709404,µg/m3,19.78376811226087,NO2,STA-NL00021,2018.0
Amsterdam,18.740555551944446,19.541340778659215,µg/m3,21.742896932451256,NO2,STA-NL00022,2018.0
Amsterdam,19.097534243260274,19.919780216236266,µg/m3,21.943406589835167,NO2,STA-NL00701,2018.0
Milano,,,µg/m3,30.843077332450143,PM10,STA.IT0524A,2016.0
Milano,,,µg/m3,33.82424382331445,PM10,STA.IT0705A,2016.0
Milano,,,µg/m3,34.28575494048433,PM10,STA.IT0706A,2016.0
Milano,,,µg/m3,35.23654386747876,PM10,STA.IT1016A,2016.0
Milano,,,µg/m3,30.107756319529088,PM10,STA.IT1650A,2016.0
Milano,,,µg/m3,38.1199233220354,PM10,STA.IT1692A,2016.0
Milano,,,µg/m3,34.91313437985074,PM10,STA.IT1743A,2016.0
Milano,,,µg/m3,39.06919840721518,PM10,STA.IT2098A,2016.0
Milano,,,µg/m3,34.06390595177177,PM10,STA.IT0524A,2017.0
Milano,,,µg/m3,38.4811480270986,PM10,STA.IT0705A,2017.0
Milano,,,µg/m3,38.79632757971751,PM10,STA.IT0706A,2017.0
Milano,,,µg/m3,40.37219097797753,PM10,STA.IT1016A,2017.0
Milano,,,µg/m3,34.5921786677095,PM10,STA.IT1650A,2017.0
Milano,,,µg/m3,40.3853635729394,PM10,STA.IT1692A,2017.0
Milano,,,µg/m3,39.29971430611429,PM10,STA.IT1743A,2017.0
Milano,,,µg/m3,32.529062572437496,PM10,STA.IT2098A,2017.0
Milano,,,µg/m3,35.34295098816156,PM10,STA.IT0477A,2018.0
Milano,,,µg/m3,33.43057253837681,PM10,STA.IT0705A,2018.0
Milano,32.11994305475783,32.11994305475783,µg/m3,32.11994305475783,PM10,STA.IT0706A,2018.0
Milano,34.270140798084505,34.270140798084505,µg/m3,34.270140798084505,PM10,STA.IT1016A,2018.0
Milano,29.18328768827397,29.18328768827397,µg/m3,29.18328768827397,PM10,STA.IT1650A,2018.0
Milano,30.75263005268786,30.75263005268786,µg/m3,30.75263005268786,PM10,STA.IT1692A,2018.0
Milano,33.276807121536145,33.276807121536145,µg/m3,33.276807121536145,PM10,STA.IT1743A,2018.0
Milano,,,µg/m3,30.874589042956522,PM10,STA.IT1792A,2018.0
Milano,29.894346290742046,29.894346290742046,µg/m3,29.894346290742046,PM10,STA.IT2098A,2018.0
Milano,,,µg/m3,25.167346965743437,PM2.5,STA.IT1016A,2016.0
Milano,,,µg/m3,22.080790966327683,PM2.5,STA.IT1650A,2016.0
Milano,,,µg/m3,28.30091173610942,PM2.5,STA.IT1692A,2016.0
Milano,,,µg/m3,28.534730614550895,PM2.5,STA.IT1743A,2016.0
Milano,,,µg/m3,28.3586626175076,PM2.5,STA.IT0480A,2017.0
Milano,,,µg/m3,26.597714291914286,PM2.5,STA.IT1016A,2017.0
Milano,,,µg/m3,23.3940000634,PM2.5,STA.IT1650A,2017.0
Milano,,,µg/m3,29.347094688715597,PM2.5,STA.IT1692A,2017.0
Milano,,,µg/m3,29.961607182232143,PM2.5,STA.IT1743A,2017.0
Milano,22.156868911405752,22.156868911405752,µg/m3,22.156868911405752,PM2.5,STA.IT0480A,2018.0
Milano,22.694084479042257,22.694084479042257,µg/m3,22.694084479042257,PM2.5,STA.IT1016A,2018.0
Milano,19.187896227463973,19.187896227463973,µg/m3,19.204624251242773,PM2.5,STA.IT1650A,2018.0
Milano,22.57728613637168,22.553823530088234,µg/m3,22.553823530088234,PM2.5,STA.IT1692A,2018.0
Milano,,,µg/m3,24.006097601646342,PM2.5,STA.IT1743A,2018.0
Milano,61.67524590436464,68.38452522086112,µg/m3,73.88650793752778,NO2,STA.IT0477A,2016.0
Milano,43.89104408934066,32.90100277737705,µg/m3,40.413772547052346,NO2,STA.IT0480A,2016.0
Milano,43.27043678260234,36.75467911621701,µg/m3,45.071131025747796,NO2,STA.IT0592A,2016.0
Milano,41.24569229470779,37.15996439954099,µg/m3,46.00876215068852,NO2,STA.IT0593A,2016.0
Milano,50.852756858028165,35.779588356846595,µg/m3,42.194311141994305,NO2,STA.IT0623A,2016.0
Milano,64.0672839567131,39.06749768783333,µg/m3,49.10644459358333,NO2,STA.IT0694A,2016.0
Milano,50.909242802132965,38.35189687366667,µg/m3,45.57069826244444,NO2,STA.IT0705A,2016.0
Milano,43.27624320930836,43.07963130777456,µg/m3,50.43006821517341,NO2,STA.IT0706A,2016.0
Milano,56.41182174661538,48.66081990872671,µg/m3,64.48423255585139,NO2,STA.IT0761A,2016.0
Milano,61.7659265069382,43.47848540266854,µg/m3,51.493492125140456,NO2,STA.IT1016A,2016.0
Milano,48.56545427307927,30.74924317541796,µg/m3,35.598982023529416,NO2,STA.IT1290A,2016.0
Milano,35.84580623799451,30.03010588662088,µg/m3,37.05015761692307,NO2,STA.IT1650A,2016.0
Milano,38.04853483996942,40.971059631697536,µg/m3,48.82917537580247,NO2,STA.IT1692A,2016.0
Milano,59.46490271942364,50.11609771334294,µg/m3,57.0771246871758,NO2,STA.IT1743A,2016.0
Milano,60.59500116480123,38.66806687399391,µg/m3,44.48288663909938,NO2,STA.IT1792A,2016.0
Milano,50.10849582921933,57.416541427712176,µg/m3,59.7881079482353,NO2,STA.IT2098A,2016.0
Milano,43.109022761536146,39.68350168945783,µg/m3,48.536908267319276,NO2,STA.IT2232A,2016.0
Milano,62.15679683729106,58.097935033025934,µg/m3,66.62611290092218,NO2,STA.IT0477A,2017.0
Milano,56.59351295034221,45.09037597747126,µg/m3,53.47066647053639,NO2,STA.IT0480A,2017.0
Milano,42.444449308938545,39.48215547941341,µg/m3,48.412154348100565,NO2,STA.IT0592A,2017.0
Milano,73.30763168997167,45.03331997862857,µg/m3,55.80816351156696,NO2,STA.IT0694A,2017.0
Milano,49.538265104832405,38.18491175455056,µg/m3,46.86100838740845,NO2,STA.IT0705A,2017.0
Milano,46.528009792,46.29710961752896,µg/m3,52.02182176791506,NO2,STA.IT0706A,2017.0
Milano,53.94665907303571,47.83224822462463,µg/m3,62.33966712873494,NO2,STA.IT0761A,2017.0
Milano,58.045487296573036,43.01195532307263,µg/m3,50.86555388175977,NO2,STA.IT1016A,2017.0
Milano,56.36735165788732,36.59541442132143,µg/m3,41.45508465570922,NO2,STA.IT1290A,2017.0
Milano,37.87786745364384,33.75689765079452,µg/m3,40.608061236904106,NO2,STA.IT1650A,2017.0
Milano,37.316297479285716,41.840313877608075,µg/m3,49.455207459827086,NO2,STA.IT1692A,2017.0
Milano,48.8360072494429,41.19057147246498,µg/m3,46.89103838565826,NO2,STA.IT1743A,2017.0
Milano,60.4129604053295,33.49749578517143,µg/m3,40.67467783346626,NO2,STA.IT1792A,2017.0
Milano,56.07235751616667,54.04541412253164,µg/m3,59.184486113028406,NO2,STA.IT2098A,2017.0
Milano,44.42998499075209,41.66177718830084,µg/m3,51.70670590735376,NO2,STA.IT2232A,2017.0
Milano,58.214316318195266,51.98018518770773,µg/m3,60.85955000195403,NO2,STA.IT0477A,2018.0
Milano,42.639774259780225,32.00117674236915,µg/m3,41.65796621688705,NO2,STA.IT0480A,2018.0
Milano,33.07918531292308,28.910530565507692,µg/m3,35.874567486564416,NO2,STA.IT0592A,2018.0
Milano,66.95245842564564,37.11250660546547,µg/m3,46.44378782508983,NO2,STA.IT0694A,2018.0
Milano,46.96298460367601,36.390015583499995,µg/m3,44.213666621406254,NO2,STA.IT0705A,2018.0
Milano,31.350594158058822,30.86247773307692,µg/m3,36.806968472544376,NO2,STA.IT0706A,2018.0
Milano,42.98838121743363,37.71771089011799,µg/m3,49.93238884551623,NO2,STA.IT0761A,2018.0
Milano,54.056704185090354,38.44162305984802,µg/m3,46.23171782560606,NO2,STA.IT1016A,2018.0
Milano,44.64079066068965,29.934228970788645,µg/m3,34.81913078145111,NO2,STA.IT1290A,2018.0
Milano,32.2606372920548,27.023368259616436,µg/m3,34.00214552515068,NO2,STA.IT1650A,2018.0
Milano,32.01711076167156,35.99533596979592,µg/m3,44.30593771406977,NO2,STA.IT1692A,2018.0
Milano,37.95920497324638,31.34566002450582,µg/m3,35.64439025831395,NO2,STA.IT1743A,2018.0
Milano,47.13464164227529,26.10876302455056,µg/m3,31.710505795899707,NO2,STA.IT1792A,2018.0
Milano,46.08904026309322,44.18290899228814,µg/m3,48.09069352504202,NO2,STA.IT2098A,2018.0
Milano,37.51549143971014,35.036718912283234,µg/m3,44.34447569260116,NO2,STA.IT2232A,2018.0
Paris,17.84205796768116,19.702091687191974,µg/m3,21.125501429226365,PM10,STA-FR04002,2016.0
Paris,20.233072622569836,20.3460955022191,µg/m3,21.804634828005618,PM10,STA-FR04004,2016.0
Paris,33.31824999627778,26.0519722185,µg/m3,29.48519552717877,PM10,STA-FR04012,2016.0
Paris,36.75244827182758,24.49676300225434,µg/m3,28.186366455962737,PM10,STA-FR04031,2016.0
Paris,19.964332243908796,20.419442619540984,µg/m3,21.44810457160131,PM10,STA-FR04034,2016.0
Paris,41.888777773916665,29.300504198011208,µg/m3,34.907211264478875,PM10,STA-FR04058,2016.0
Paris,17.64793785002825,19.328394362816905,µg/m3,20.486515577535414,PM10,STA-FR04099,2016.0
Paris,28.542094967932965,22.883495437659576,µg/m3,25.234761901064427,PM10,STA-FR04118,2016.0
Paris,30.584890106291212,23.461565930467035,µg/m3,26.802837462011023,PM10,STA-FR04123,2016.0
Paris,27.511675820302198,20.205567864127428,µg/m3,23.192651929972378,PM10,STA-FR04131,2016.0
Paris,20.78050745961194,19.96287748968661,µg/m3,21.279431814857954,PM10,STA-FR04143,2016.0
Paris,19.673050843728813,17.460535207943664,µg/m3,18.381982999348445,PM10,STA-FR04150,2016.0
Paris,18.43124645558074,18.851303112832863,µg/m3,20.442272723323864,PM10,STA-FR04156,2016.0
Paris,16.809030299454545,18.109202450920247,µg/m3,18.829212118484847,PM10,STA-FR04179,2016.0
Paris,18.475170451420453,20.412324926806726,µg/m3,23.144491522146897,PM10,STA-FR04319,2016.0
Paris,30.397396118337955,24.53404431775623,µg/m3,27.753805552083335,PM10,STA-FR04329,2016.0
Paris,16.519220052228416,19.037741043471076,µg/m3,21.590586588491618,PM10,STA-FR04002,2017.0
Paris,18.465527062393164,19.489971343581665,µg/m3,21.154085711114288,PM10,STA-FR04004,2017.0
Paris,29.82521007997199,23.359436616225356,µg/m3,27.21197182777465,PM10,STA-FR04012,2017.0
Paris,35.79133332926667,23.69553571053571,µg/m3,26.94374621966767,PM10,STA-FR04031,2017.0
Paris,17.88725761396122,18.67285318229917,µg/m3,20.43272980155989,PM10,STA-FR04034,2017.0
Paris,41.59121812628896,30.03172804184136,µg/m3,35.52458923107649,PM10,STA-FR04058,2017.0
Paris,16.691316523529412,18.788333329833332,µg/m3,20.737569829106143,PM10,STA-FR04099,2017.0
Paris,26.53964757259912,21.016818178227275,µg/m3,23.83969564865218,PM10,STA-FR04118,2017.0
Paris,30.250140841408452,24.05224718744382,µg/m3,27.17191548923944,PM10,STA-FR04123,2017.0
Paris,30.344632764915254,21.788732390704226,µg/m3,25.14378530723164,PM10,STA-FR04131,2017.0
Paris,18.979824558070177,18.326724134856324,µg/m3,20.186213869566476,PM10,STA-FR04143,2017.0
Paris,19.5656069332948,17.170028815273774,µg/m3,18.348559074755045,PM10,STA-FR04150,2017.0
Paris,16.41229049960894,17.182122902039108,µg/m3,19.135195527122903,PM10,STA-FR04156,2017.0
Paris,17.230320696793,16.846802322209303,µg/m3,18.632215740204085,PM10,STA-FR04179,2017.0
Paris,17.348467963454038,19.43257790025496,µg/m3,22.005555552678064,PM10,STA-FR04319,2017.0
Paris,27.087179483618232,23.030085956246417,µg/m3,26.854216520227922,PM10,STA-FR04329,2017.0
Paris,17.605309730914456,19.79253730970149,µg/m3,20.937681156,PM10,STA-FR04002,2018.0
Paris,19.414814811623934,19.485344824109198,µg/m3,20.626436778390804,PM10,STA-FR04004,2018.0
Paris,32.50545454151515,24.45352940829412,µg/m3,28.76374268625731,PM10,STA-FR04012,2018.0
Paris,36.82070312183594,23.193251530214724,µg/m3,27.378683381943574,PM10,STA-FR04031,2018.0
Paris,19.85749999652778,19.1729281730663,µg/m3,20.356906073425417,PM10,STA-FR04034,2018.0
Paris,40.12651933267956,28.658953164325073,µg/m3,33.44297520289256,PM10,STA-FR04058,2018.0
Paris,17.040111417047356,18.068698057506925,µg/m3,19.50941827933518,PM10,STA-FR04099,2018.0
Paris,30.184561399894736,22.420363632909094,µg/m3,26.078245611052633,PM10,STA-FR04118,2018.0
Paris,29.384033609691876,22.119607839747903,µg/m3,25.154213479494377,PM10,STA-FR04123,2018.0
Paris,30.819113569418285,21.79806093806094,µg/m3,25.11888888488889,PM10,STA-FR04131,2018.0
Paris,19.100286530401146,17.8039660017847,µg/m3,19.407022468792135,PM10,STA-FR04143,2018.0
Paris,21.823529407967914,19.028934006700506,µg/m3,20.122335021776653,PM10,STA-FR04150,2018.0
Paris,16.808262105470085,16.570588231960784,µg/m3,18.198314603735955,PM10,STA-FR04156,2018.0
Paris,18.292397657251463,17.146064136880465,µg/m3,18.369387751311955,PM10,STA-FR04179,2018.0
Paris,18.11342856842857,18.78789625020173,µg/m3,20.71461317704871,PM10,STA-FR04319,2018.0
Paris,27.247222218777782,22.638611107194443,µg/m3,26.4428969324234,PM10,STA-FR04329,2018.0
Paris,,,µg/m3,44.5,PM10,STA-FR04031,2019.0
Paris,,,µg/m3,7.09999999,PM10,STA-FR04034,2019.0
Paris,,,µg/m3,29.1,PM10,STA-FR04058,2019.0
Paris,,,µg/m3,8.59999999,PM10,STA-FR04123,2019.0
Paris,,,µg/m3,14.1,PM10,STA-FR04131,2019.0
Paris,,,µg/m3,10.4,PM10,STA-FR04156,2019.0
Paris,,,µg/m3,7.4,PM10,STA-FR04179,2019.0
Paris,,,µg/m3,7.5,PM10,STA-FR04329,2019.0
Paris,11.024662917865168,13.96115168213483,µg/m3,14.909411761064426,PM2.5,STA-FR04002,2016.0
Paris,11.418787875090908,13.328905322071003,µg/m3,13.537209299011629,PM2.5,STA-FR04034,2016.0
Paris,19.97870523099174,16.122443816853934,µg/m3,18.41268907221289,PM2.5,STA-FR04058,2016.0
Paris,13.116531788179193,13.467301132812501,µg/m3,14.500968657635328,PM2.5,STA-FR04143,2016.0
Paris,10.484957016361033,12.700740737350428,µg/m3,13.744571425228575,PM2.5,STA-FR04156,2016.0
Paris,16.719305552333335,16.040549446813188,µg/m3,17.33526170426997,PM2.5,STA-FR04329,2016.0
Paris,10.036305728821656,13.230434779347826,µg/m3,14.67823898984277,PM2.5,STA-FR04002,2017.0
Paris,9.802499996416667,12.001108030304708,µg/m3,13.008531852271469,PM2.5,STA-FR04034,2017.0
Paris,18.592156859915967,15.1282485840113,µg/m3,17.945926962443824,PM2.5,STA-FR04058,2017.0
Paris,12.226023388099415,13.557647055558824,µg/m3,14.97943952439528,PM2.5,STA-FR04143,2017.0
Paris,8.832773105546217,11.707499996833333,µg/m3,12.712829128515407,PM2.5,STA-FR04156,2017.0
Paris,13.97374301282123,14.44651810194986,µg/m3,16.18243697159664,PM2.5,STA-FR04329,2017.0
Paris,10.643695011348974,13.45739130084058,µg/m3,13.81632652690962,PM2.5,STA-FR04002,2018.0
Paris,11.46498599086835,13.744134075,µg/m3,14.229050276284916,PM2.5,STA-FR04034,2018.0
Paris,17.172576173961218,13.88587257296399,µg/m3,15.83232043928177,PM2.5,STA-FR04058,2018.0
Paris,12.839358597142859,13.91391303973913,µg/m3,14.790028486837608,PM2.5,STA-FR04143,2018.0
Paris,9.431267602225354,11.435854338403361,µg/m3,12.319047615322129,PM2.5,STA-FR04156,2018.0
Paris,14.832311974428968,14.253351952486035,µg/m3,16.095543172061284,PM2.5,STA-FR04329,2018.0
Paris,,,µg/m3,8.3,PM2.5,STA-FR04002,2019.0
Paris,,,µg/m3,12.3,PM2.5,STA-FR04034,2019.0
Paris,,,µg/m3,11.6,PM2.5,STA-FR04058,2019.0
Paris,,,µg/m3,12.0,PM2.5,STA-FR04143,2019.0
Paris,,,µg/m3,15.69999999,PM2.5,STA-FR04156,2019.0
Paris,,,µg/m3,6.09999999,PM2.5,STA-FR04329,2019.0
Paris,30.597067039106147,27.863286908077995,µg/m3,33.57122905027933,NO2,STA-FR04002,2016.0
Paris,39.89804469273743,30.720338983050848,µg/m3,39.02676056338028,NO2,STA-FR04004,2016.0
Paris,107.77602739726028,41.79791780778082,µg/m3,57.21909340659341,NO2,STA-FR04012,2016.0
Paris,36.72562674094708,28.071927374301676,µg/m3,34.73533519553072,NO2,STA-FR04014,2016.0
Paris,36.29052197802198,28.121397259753426,µg/m3,35.105082417582416,NO2,STA-FR04017,2016.0
Paris,35.80684931506849,29.055260273972603,µg/m3,35.807162534435264,NO2,STA-FR04018,2016.0
Paris,61.568820224719104,36.96652777738889,µg/m3,48.786908077994426,NO2,STA-FR04031,2016.0
Paris,30.633704735376046,25.07866295253482,µg/m3,30.6484593837535,NO2,STA-FR04034,2016.0
Paris,31.99490250696379,23.924345403509747,µg/m3,29.872206703910614,NO2,STA-FR04037,2016.0
Paris,95.26420329670329,54.040575341917815,µg/m3,67.45054945054945,NO2,STA-FR04058,2016.0
Paris,31.377762430939228,25.743093922651934,µg/m3,31.948060941828256,NO2,STA-FR04059,2016.0
Paris,40.085893854748605,24.587067038715084,µg/m3,32.91197183098591,NO2,STA-FR04060,2016.0
Paris,62.21646341463415,33.63808163261225,µg/m3,45.258857142857146,NO2,STA-FR04071,2016.0
Paris,27.846774193548388,23.24064516085044,µg/m3,29.163970588235294,NO2,STA-FR04100,2016.0
Paris,30.233606557377048,24.794077134490358,µg/m3,31.301043956016485,NO2,STA-FR04101,2016.0
Paris,,,µg/m3,45.5,NO2,STA-FR04105,2016.0
Paris,95.82803468208093,36.44549418604651,µg/m3,53.700581395348834,NO2,STA-FR04118,2016.0
Paris,65.66120218579235,36.63030136939726,µg/m3,46.26986301369863,NO2,STA-FR04123,2016.0
Paris,73.0453296703022,38.70820936589532,µg/m3,50.17403314917127,NO2,STA-FR04131,2016.0
Paris,53.14144444444444,33.72887323901409,µg/m3,41.396186440677965,NO2,STA-FR04135,2016.0
Paris,71.60773480662984,34.681372549019606,µg/m3,47.78781512605042,NO2,STA-FR04141,2016.0
Paris,38.08128415300546,28.895382513114757,µg/m3,36.61164383561644,NO2,STA-FR04143,2016.0
Paris,35.33653846153846,26.949175824175825,µg/m3,33.10674931129476,NO2,STA-FR04146,2016.0
Paris,36.296561604584525,20.899365994236312,µg/m3,26.712305475504323,NO2,STA-FR04150,2016.0
Paris,28.130928961748634,24.66825136603825,µg/m3,31.113698630136987,NO2,STA-FR04156,2016.0
Paris,25.72772277227723,19.386336633168316,µg/m3,25.127475247524753,NO2,STA-FR04179,2016.0
Paris,26.250696378830085,22.179442896740948,µg/m3,28.554469273743017,NO2,STA-FR04319,2016.0
Paris,72.08080110497238,45.9983425410221,µg/m3,56.27770083102493,NO2,STA-FR04329,2016.0
Paris,27.756358379508676,26.597391302115945,µg/m3,33.007391301768116,NO2,STA-FR04002,2017.0
Paris,37.42973760682216,31.448830406783625,µg/m3,40.171260994545456,NO2,STA-FR04004,2017.0
Paris,97.02751478991124,42.70588234994118,µg/m3,58.237463122713876,NO2,STA-FR04012,2017.0
Paris,35.17556817971592,28.628124997954547,µg/m3,35.6256410231339,NO2,STA-FR04014,2017.0
Paris,35.84914772494319,29.95511363400568,µg/m3,36.82193731951567,NO2,STA-FR04017,2017.0
Paris,36.147671230465754,29.90958903893151,µg/m3,37.94931318453297,NO2,STA-FR04018,2017.0
Paris,59.15272205862465,35.544285712028575,µg/m3,46.05244252528736,NO2,STA-FR04031,2017.0
Paris,29.273033706011244,24.07893258213483,µg/m3,30.643380280000002,NO2,STA-FR04034,2017.0
Paris,31.26444444252778,25.204748601396652,µg/m3,32.0691011216854,NO2,STA-FR04037,2017.0
Paris,92.58060941551246,55.141828251966764,µg/m3,68.65430555183335,NO2,STA-FR04058,2017.0
Paris,30.702339179385962,26.228279880670556,µg/m3,33.07155424985338,NO2,STA-FR04059,2017.0
Paris,38.78662952337048,24.809217875027933,µg/m3,33.100700277675074,NO2,STA-FR04060,2017.0
Paris,57.19626436304599,33.08530259144093,µg/m3,42.79724637350725,NO2,STA-FR04071,2017.0
Paris,30.302388057582096,25.272256095457323,µg/m3,29.977811548328265,NO2,STA-FR04100,2017.0
Paris,30.01972602534247,26.128099171460057,µg/m3,31.522513809723755,NO2,STA-FR04101,2017.0
Paris,91.54105571530792,38.61178160652299,µg/m3,54.71278735287357,NO2,STA-FR04118,2017.0
Paris,63.418836561163445,38.002499997111116,µg/m3,47.23384400832869,NO2,STA-FR04123,2017.0
Paris,74.87118155198849,39.73546511366279,µg/m3,52.05762462967742,NO2,STA-FR04131,2017.0
Paris,51.15761772445983,32.91166666419444,µg/m3,41.33286907777159,NO2,STA-FR04135,2017.0
Paris,69.65073745911506,34.68017751269231,µg/m3,48.823668635710064,NO2,STA-FR04141,2017.0
Paris,36.49364640604973,28.78642659063712,µg/m3,36.451666664527785,NO2,STA-FR04143,2017.0
Paris,33.06164383347945,27.305205477534248,µg/m3,34.35892856917582,NO2,STA-FR04146,2017.0
Paris,35.459944748480666,20.801095887945205,µg/m3,26.919642854917583,NO2,STA-FR04150,2017.0
Paris,27.675068491095892,25.709589038986305,µg/m3,32.22403845917583,NO2,STA-FR04156,2017.0
Paris,27.77300613346626,22.053516817461777,µg/m3,28.204601224601227,NO2,STA-FR04179,2017.0
Paris,26.99220055479109,22.66592178561453,µg/m3,29.23086591938548,NO2,STA-FR04319,2017.0
Paris,67.8732044169337,48.1235457030471,µg/m3,56.732409969002774,NO2,STA-FR04329,2017.0
Paris,27.082369143801657,25.876098898846152,µg/m3,31.446428568818686,NO2,STA-FR04002,2018.0
Paris,35.123546509360466,29.644705880441176,µg/m3,36.99677419085044,NO2,STA-FR04004,2018.0
Paris,85.52530120120484,39.51918604360465,µg/m3,53.58947368081872,NO2,STA-FR04012,2018.0
Paris,32.36907514263006,26.738728321560693,µg/m3,33.63843930395954,NO2,STA-FR04014,2018.0
Paris,32.967507000644254,27.66218487190476,µg/m3,33.09383753260505,NO2,STA-FR04017,2018.0
Paris,31.137499997611112,26.64407713297521,µg/m3,32.69090908848485,NO2,STA-FR04018,2018.0
Paris,51.95714285322129,32.83659217639665,µg/m3,41.603631281871515,NO2,STA-FR04031,2018.0
Paris,27.78935574058824,23.04357541692738,µg/m3,29.295821724846803,NO2,STA-FR04034,2018.0
Paris,28.6476190457423,24.661516851657304,µg/m3,30.385955054438206,NO2,STA-FR04037,2018.0
Paris,89.1475274692033,54.47917807926027,µg/m3,67.53049450214286,NO2,STA-FR04058,2018.0
Paris,27.630172412298855,24.9120689632184,µg/m3,31.036206894396553,NO2,STA-FR04059,2018.0
Paris,34.687811631689755,23.19638888675,µg/m3,29.824791084596104,NO2,STA-FR04060,2018.0
Paris,54.19824561011696,30.551470585970588,µg/m3,39.37272727,NO2,STA-FR04071,2018.0
Paris,26.583977898784532,21.779501382908585,µg/m3,27.30858725537396,NO2,STA-FR04100,2018.0
Paris,26.21349862063361,22.523076920989013,µg/m3,28.258563533812154,NO2,STA-FR04101,2018.0
Paris,87.9161473053541,36.45417867164265,µg/m3,51.23485713902857,NO2,STA-FR04118,2018.0
Paris,67.55633802419719,37.02072828862745,µg/m3,46.70308122907563,NO2,STA-FR04123,2018.0
Paris,64.66520547531508,32.9454794499726,µg/m3,43.31150684643836,NO2,STA-FR04131,2018.0
Paris,47.684890106153844,30.896418730578514,µg/m3,38.592837462837466,NO2,STA-FR04135,2018.0
Paris,72.07416666319445,33.37257617509695,µg/m3,46.146537392714684,NO2,STA-FR04141,2018.0
Paris,33.44972375483426,27.712121210247933,µg/m3,34.027900550000005,NO2,STA-FR04143,2018.0
Paris,35.978301883490566,27.99439252168224,µg/m3,34.18113207264151,NO2,STA-FR04146,2018.0
Paris,37.57044534117409,22.727642273902443,µg/m3,28.076923074574896,NO2,STA-FR04150,2018.0
Paris,25.270414199349116,24.622551926795254,µg/m3,32.14302670376854,NO2,STA-FR04156,2018.0
Paris,24.88421052488304,21.80321637239766,µg/m3,28.003801167485378,NO2,STA-FR04179,2018.0
Paris,25.346260385734077,22.17666666452778,µg/m3,27.40720221396122,NO2,STA-FR04319,2018.0
Paris,72.7874285686,47.988636359886364,µg/m3,58.68011363323864,NO2,STA-FR04329,2018.0
Madrid,22.183561643835617,16.76775956284153,µg/m3,19.97808219178082,PM10,STA_ES0118A,2016.0
Madrid,16.871345029239766,13.207100591715976,µg/m3,16.13274336283186,PM10,STA_ES0126A,2016.0
Madrid,17.7465564738292,14.57617728531856,µg/m3,15.92797783933518,PM10,STA_ES1193A,2016.0
Madrid,20.04297994269341,17.214285714285715,µg/m3,20.514285714285716,PM10,STA_ES1426A,2016.0
Madrid,19.865384615384617,14.780219780219781,µg/m3,17.589041095890412,PM10,STA_ES1525A,2016.0
Madrid,19.165289256198346,16.209944751381215,µg/m3,19.257617728531855,PM10,STA_ES1532A,2016.0
Madrid,19.671270718232044,15.685950413223141,µg/m3,18.33884297520661,PM10,STA_ES1937A,2016.0
Madrid,19.862258953168045,14.032786885245901,µg/m3,16.295081967213115,PM10,STA_ES1938A,2016.0
Madrid,20.72876712328767,13.805479452054794,µg/m3,17.0986301369863,PM10,STA_ES1940A,2016.0
Madrid,23.246575342465754,15.78415300546448,µg/m3,20.953551912568305,PM10,STA_ES1942A,2016.0
Madrid,20.311475409836067,14.357923497267759,µg/m3,18.673972602739727,PM10,STA_ES1944A,2016.0
Madrid,18.216438356164385,13.882191780821918,µg/m3,17.306010928961747,PM10,STA_ES1947A,2016.0
Madrid,19.917127071823206,15.732782369146005,µg/m3,19.27146814404432,PM10,STA_ES0118A,2017.0
Madrid,20.635359116022098,18.81267217630854,µg/m3,22.96969696969697,PM10,STA_ES0126A,2017.0
Madrid,18.932773109243698,17.977777777777778,µg/m3,19.27094972067039,PM10,STA_ES1193A,2017.0
Madrid,22.854395604395606,19.30958904109589,µg/m3,23.022038567493112,PM10,STA_ES1426A,2017.0
Madrid,17.47658402203857,14.786301369863013,µg/m3,17.431318681318682,PM10,STA_ES1525A,2017.0
Madrid,24.370473537604457,19.105263157894736,µg/m3,23.216666666666665,PM10,STA_ES1532A,2017.0
Madrid,17.81741573033708,14.988950276243093,µg/m3,18.25207756232687,PM10,STA_ES1937A,2017.0
Madrid,16.6398891966759,12.201101928374655,µg/m3,14.453038674033149,PM10,STA_ES1938A,2017.0
Madrid,14.659340659340659,11.005494505494505,µg/m3,13.198347107438016,PM10,STA_ES1940A,2017.0
Madrid,30.41551246537396,15.157458563535911,µg/m3,19.441988950276244,PM10,STA_ES1942A,2017.0
Madrid,18.310439560439562,15.578082191780823,µg/m3,19.694214876033058,PM10,STA_ES1944A,2017.0
Madrid,18.524725274725274,15.743093922651934,µg/m3,19.52617079889807,PM10,STA_ES1947A,2017.0
Madrid,21.68611111111111,15.330578512396695,µg/m3,18.754820936639117,PM10,STA_ES0118A,2018.0
Madrid,16.134796238244515,13.402476780185758,µg/m3,16.398753894080997,PM10,STA_ES0126A,2018.0
Madrid,16.458333333333332,13.049723756906078,µg/m3,15.339779005524862,PM10,STA_ES1193A,2018.0
Madrid,20.74585635359116,16.327823691460054,µg/m3,19.291208791208792,PM10,STA_ES1426A,2018.0
Madrid,19.057534246575344,14.07945205479452,µg/m3,16.55068493150685,PM10,STA_ES1525A,2018.0
Madrid,16.09917355371901,14.38121546961326,µg/m3,18.92817679558011,PM10,STA_ES1532A,2018.0
Madrid,17.255131964809383,12.041899441340782,µg/m3,15.888268156424582,PM10,STA_ES1937A,2018.0
Madrid,17.6878453038674,12.210958904109589,µg/m3,14.684931506849315,PM10,STA_ES1938A,2018.0
Madrid,18.925619834710744,12.391780821917807,µg/m3,15.386301369863014,PM10,STA_ES1940A,2018.0
Madrid,25.106442577030812,14.735537190082646,µg/m3,18.403846153846153,PM10,STA_ES1942A,2018.0
Madrid,23.677777777777777,17.15598885793872,µg/m3,21.211699164345404,PM10,STA_ES1943A,2018.0
Madrid,18.101369863013698,11.58904109589041,µg/m3,15.827397260273973,PM10,STA_ES1944A,2018.0
Madrid,18.59779614325069,12.131506849315068,µg/m3,15.942307692307692,PM10,STA_ES1947A,2018.0
Madrid,11.542465753424658,9.30327868852459,µg/m3,11.052054794520547,PM2.5,STA_ES0118A,2016.0
Madrid,,,µg/m3,10.632478632478632,PM2.5,STA_ES0126A,2016.0
Madrid,9.12396694214876,8.412742382271468,µg/m3,9.038781163434903,PM2.5,STA_ES1193A,2016.0
Madrid,10.51923076923077,8.291208791208792,µg/m3,10.013698630136986,PM2.5,STA_ES1525A,2016.0
Madrid,,,µg/m3,10.18421052631579,PM2.5,STA_ES1893A,2016.0
Madrid,,,µg/m3,9.239669421487603,PM2.5,STA_ES1894A,2016.0
Madrid,11.38121546961326,9.636363636363637,µg/m3,11.303030303030303,PM2.5,STA_ES1937A,2016.0
Madrid,10.782369146005509,8.202185792349727,µg/m3,9.551912568306012,PM2.5,STA_ES1938A,2016.0
Madrid,10.991803278688524,7.64207650273224,µg/m3,9.502732240437158,PM2.5,STA_ES1940A,2016.0
Madrid,10.632596685082873,9.206611570247935,µg/m3,11.486187845303867,PM2.5,STA_ES0118A,2017.0
Madrid,,,µg/m3,12.155172413793103,PM2.5,STA_ES0126A,2017.0
Madrid,,,µg/m3,30.0,PM2.5,STA_ES1193A,2017.0
Madrid,8.787878787878787,7.961643835616439,µg/m3,9.56043956043956,PM2.5,STA_ES1525A,2017.0
Madrid,,,µg/m3,11.459016393442623,PM2.5,STA_ES1893A,2017.0
Madrid,,,µg/m3,9.5,PM2.5,STA_ES1894A,2017.0
Madrid,10.817415730337078,10.06060606060606,µg/m3,11.80939226519337,PM2.5,STA_ES1937A,2017.0
Madrid,8.997237569060774,7.212121212121212,µg/m3,8.665745856353592,PM2.5,STA_ES1938A,2017.0
Madrid,9.43956043956044,7.304945054945055,µg/m3,8.606060606060606,PM2.5,STA_ES1940A,2017.0
Madrid,11.752777777777778,9.1267217630854,µg/m3,10.878787878787879,PM2.5,STA_ES0118A,2018.0
Madrid,,,µg/m3,11.732142857142858,PM2.5,STA_ES0126A,2018.0
Madrid,8.042168674698795,7.781065088757397,µg/m3,8.232142857142858,PM2.5,STA_ES1193A,2018.0
Madrid,9.953424657534246,7.953424657534247,µg/m3,9.304109589041095,PM2.5,STA_ES1525A,2018.0
Madrid,,,µg/m3,11.027522935779816,PM2.5,STA_ES1893A,2018.0
Madrid,,,µg/m3,10.631067961165048,PM2.5,STA_ES1894A,2018.0
Madrid,10.387096774193548,8.116991643454039,µg/m3,10.576601671309191,PM2.5,STA_ES1937A,2018.0
Madrid,10.69889502762431,7.802739726027397,µg/m3,9.38082191780822,PM2.5,STA_ES1938A,2018.0
Madrid,10.258241758241759,7.063013698630137,µg/m3,8.868493150684932,PM2.5,STA_ES1940A,2018.0
Madrid,12.529085872576177,9.69359331476323,µg/m3,11.910863509749303,PM2.5,STA_ES1943A,2018.0
Madrid,117.8688524590164,55.74180327868852,µg/m3,77.51506849315068,NOX as NO2,STA_ES0115A,2016.0
Madrid,137.5928961748634,53.24863387978142,µg/m3,77.77397260273973,NOX as NO2,STA_ES0118A,2016.0
Madrid,128.21038251366122,31.254371584699456,µg/m3,45.258630136986305,NOX as NO2,STA_ES0120A,2016.0
Madrid,75.33013698630137,35.112021857923494,µg/m3,46.71506849315068,NOX as NO2,STA_ES0124A,2016.0
Madrid,93.77459016393442,79.96885245901639,µg/m3,99.96821917808218,NOX as NO2,STA_ES0125A,2016.0
Madrid,67.84438040345822,42.02334293948127,µg/m3,56.097109826589595,NOX as NO2,STA_ES0126A,2016.0
Madrid,27.324585635359117,26.55509641873278,µg/m3,34.13085399449036,NOX as NO2,STA_ES1193A,2016.0
Madrid,81.02054794520548,39.69315068493151,µg/m3,45.60467032967033,NOX as NO2,STA_ES1645A,2016.0
Madrid,79.2836676217765,51.86023054755043,µg/m3,63.51580459770115,NOX as NO2,STA_ES1422A,2016.0
Madrid,74.8600583090379,33.15218658892128,µg/m3,45.47514619883041,NOX as NO2,STA_ES1426A,2016.0
Madrid,113.4672131147541,37.33032786885246,µg/m3,53.11260273972602,NOX as NO2,STA_ES1525A,2016.0
Madrid,105.5426997245179,35.09808743169399,µg/m3,52.70164383561644,NOX as NO2,STA_ES1521A,2016.0
Madrid,73.42896174863388,36.392349726775954,µg/m3,54.21123287671232,NOX as NO2,STA_ES1532A,2016.0
Madrid,72.19725274725276,48.77431693989072,µg/m3,63.933150684931505,NOX as NO2,STA_ES1937A,2016.0
Madrid,77.21945205479452,29.298907103825137,µg/m3,43.94602739726027,NOX as NO2,STA_ES1938A,2016.0
Madrid,39.32967032967033,35.8456043956044,µg/m3,56.00082417582417,NOX as NO2,STA_ES1939A,2016.0
Madrid,129.48360655737704,38.44043715846995,µg/m3,51.12301369863014,NOX as NO2,STA_ES1940A,2016.0
Madrid,88.77225274725275,45.01813186813187,µg/m3,58.67906336088154,NOX as NO2,STA_ES1941A,2016.0
Madrid,87.31147540983606,61.60109289617486,µg/m3,62.78657534243836,NOX as NO2,STA_ES1942A,2016.0
Madrid,177.61748633879782,63.11693989071039,µg/m3,83.85123287671233,NOX as NO2,STA_ES1943A,2016.0
Madrid,83.18767123287671,25.23087431693989,µg/m3,36.68767123287671,NOX as NO2,STA_ES1944A,2016.0
Madrid,34.27162534435262,13.989256198347109,µg/m3,17.161049723756904,NOX as NO2,STA_ES1945A,2016.0
Madrid,44.08387978142076,26.36967213114754,µg/m3,33.00082191780822,NOX as NO2,STA_ES1946A,2016.0
Madrid,65.96584699453553,29.669398907103826,µg/m3,38.15890410958904,NOX as NO2,STA_ES1947A,2016.0
Madrid,112.56027397260274,61.94027397254794,µg/m3,84.15206611564739,NOX as NO2,STA_ES0115A,2017.0
Madrid,148.9835164835165,60.88324175824176,µg/m3,80.71270718232044,NOX as NO2,STA_ES0118A,2017.0
Madrid,134.36301369863014,32.94258241741758,µg/m3,45.225966850745856,NOX as NO2,STA_ES0120A,2017.0
Madrid,94.98246575339726,35.719726027205475,µg/m3,47.518181818154275,NOX as NO2,STA_ES0124A,2017.0
Madrid,75.9041095890411,48.340934065906595,µg/m3,64.45068870520662,NOX as NO2,STA_ES0126A,2017.0
Madrid,27.591922005571032,32.97083333333333,µg/m3,42.072625698324025,NOX as NO2,STA_ES1193A,2017.0
Madrid,84.46712328767123,43.6,µg/m3,48.98209366391185,NOX as NO2,STA_ES1645A,2017.0
Madrid,82.26849315068493,66.66849315068494,µg/m3,77.633608815427,NOX as NO2,STA_ES1422A,2017.0
Madrid,111.89041095890411,44.41698630117808,µg/m3,56.950964187272724,NOX as NO2,STA_ES1525A,2017.0
Madrid,116.71625344352617,41.52396694181818,µg/m3,58.517174514903054,NOX as NO2,STA_ES1521A,2017.0
Madrid,80.87123287671233,55.9799999999452,µg/m3,73.16887052333334,NOX as NO2,STA_ES1937A,2017.0
Madrid,37.00413223140496,38.41657458555249,µg/m3,54.3005555555,NOX as NO2,STA_ES1939A,2017.0
Madrid,94.79452054794521,45.1320547940548,µg/m3,60.25950413165289,NOX as NO2,STA_ES1941A,2017.0
Madrid,94.2239010989011,66.15055248618785,µg/m3,68.93055555555556,NOX as NO2,STA_ES1942A,2017.0
Madrid,36.399178082136984,15.63917808210959,µg/m3,18.232782369146005,NOX as NO2,STA_ES1945A,2017.0
Madrid,54.421052631578945,29.50720221603878,µg/m3,36.42200557103064,NOX as NO2,STA_ES1946A,2017.0
Madrid,61.739010989010985,32.3986301369863,µg/m3,43.1900826446281,NOX as NO2,STA_ES1947A,2017.0
Madrid,64.08219178082192,48.31232876712329,µg/m3,70.87637362637362,NOX as NO2,STA_ES0115A,2018.0
Madrid,91.04132231404958,52.64657534246575,µg/m3,77.57142857142857,NOX as NO2,STA_ES0118A,2018.0
Madrid,73.47658402203857,30.698630136986303,µg/m3,47.59340659340659,NOX as NO2,STA_ES0120A,2018.0
Madrid,51.61813186813187,33.93150684931507,µg/m3,50.39010989010989,NOX as NO2,STA_ES0124A,2018.0
Madrid,41.04469273743017,36.95810055865922,µg/m3,53.46498599439776,NOX as NO2,STA_ES0126A,2018.0
Madrid,18.041322314049587,25.106849315068494,µg/m3,33.00824175824176,NOX as NO2,STA_ES1193A,2018.0
Madrid,41.988950276243095,31.29041095890411,µg/m3,57.994505494505496,NOX as NO2,STA_ES1645A,2018.0
Madrid,56.07082152974504,55.926760563380284,µg/m3,66.84745762711864,NOX as NO2,STA_ES1422A,2018.0
Madrid,66.23287671232876,35.15068493150685,µg/m3,53.934065934065934,NOX as NO2,STA_ES1525A,2018.0
Madrid,50.1142061281337,36.73109243697479,µg/m3,59.39325842696629,NOX as NO2,STA_ES1521A,2018.0
Madrid,36.31767955801105,39.85479452054795,µg/m3,57.23076923076923,NOX as NO2,STA_ES1937A,2018.0
Madrid,28.337912087912088,34.0027397260274,µg/m3,47.5989010989011,NOX as NO2,STA_ES1939A,2018.0
Madrid,42.629120879120876,36.23013698630137,µg/m3,57.21978021978022,NOX as NO2,STA_ES1941A,2018.0
Madrid,49.069252077562325,42.19178082191781,µg/m3,73.30494505494505,NOX as NO2,STA_ES1942A,2018.0
Madrid,21.43801652892562,12.605479452054794,µg/m3,17.318681318681318,NOX as NO2,STA_ES1945A,2018.0
Madrid,26.94490358126722,26.67945205479452,µg/m3,38.93131868131868,NOX as NO2,STA_ES1946A,2018.0
Madrid,37.74520547945205,27.29041095890411,µg/m3,38.33791208791209,NOX as NO2,STA_ES1947A,2018.0
Madrid,44.333333333333336,32.13387978142077,µg/m3,42.80601092896175,NO2,STA_ES0115A,2016.0
Madrid,58.33879781420765,40.486338797814206,µg/m3,55.58904109589041,NO2,STA_ES0118A,2016.0
Madrid,47.41530054644809,24.942622950819672,µg/m3,37.36065573770492,NO2,STA_ES0120A,2016.0
Madrid,34.772602739726025,27.24863387978142,µg/m3,39.040983606557376,NO2,STA_ES0124A,2016.0
Madrid,30.989071038251367,36.78688524590164,µg/m3,49.84426229508197,NO2,STA_ES0125A,2016.0
Madrid,28.953890489913544,31.15850144092219,µg/m3,41.54178674351585,NO2,STA_ES0126A,2016.0
Madrid,14.192307692307692,18.807692307692307,µg/m3,25.29945054945055,NO2,STA_ES1193A,2016.0
Madrid,28.432876712328767,25.997260273972604,µg/m3,41.45753424657534,NO2,STA_ES1645A,2016.0
Madrid,42.01724137931034,35.51575931232092,µg/m3,45.06896551724138,NO2,STA_ES1422A,2016.0
Madrid,34.32069970845481,25.644314868804663,µg/m3,36.70553935860058,NO2,STA_ES1426A,2016.0
Madrid,39.78415300546448,26.28688524590164,µg/m3,38.540983606557376,NO2,STA_ES1525A,2016.0
Madrid,34.73756906077348,24.41256830601093,µg/m3,37.60109289617486,NO2,STA_ES1521A,2016.0
Madrid,33.26575342465753,30.30054644808743,µg/m3,42.778688524590166,NO2,STA_ES1532A,2016.0
Madrid,27.07945205479452,31.385245901639344,µg/m3,42.568306010928964,NO2,STA_ES1937A,2016.0
Madrid,39.39890710382514,23.91256830601093,µg/m3,34.65300546448088,NO2,STA_ES1938A,2016.0
Madrid,23.290055248618785,28.2,µg/m3,34.85479452054795,NO2,STA_ES1939A,2016.0
Madrid,48.15846994535519,26.407103825136613,µg/m3,38.78415300546448,NO2,STA_ES1940A,2016.0
Madrid,25.726027397260275,28.70054945054945,µg/m3,39.30494505494506,NO2,STA_ES1941A,2016.0
Madrid,33.60655737704918,32.532786885245905,µg/m3,47.18306010928962,NO2,STA_ES1942A,2016.0
Madrid,53.52328767123288,40.0,µg/m3,54.1448087431694,NO2,STA_ES1943A,2016.0
Madrid,32.22950819672131,20.97814207650273,µg/m3,30.543715846994534,NO2,STA_ES1944A,2016.0
Madrid,16.59779614325069,11.633608815426998,µg/m3,15.256198347107437,NO2,STA_ES1945A,2016.0
Madrid,14.795081967213115,16.846994535519126,µg/m3,23.9672131147541,NO2,STA_ES1946A,2016.0
Madrid,31.6775956284153,24.131147540983605,µg/m3,32.887978142076506,NO2,STA_ES1947A,2016.0
Madrid,43.95890410958904,35.63013698630137,µg/m3,48.53021978021978,NO2,STA_ES0115A,2017.0
Madrid,62.07142857142857,44.33791208791209,µg/m3,60.710743801652896,NO2,STA_ES0118A,2017.0
Madrid,46.137741046831955,26.824175824175825,µg/m3,40.3021978021978,NO2,STA_ES0120A,2017.0
Madrid,35.967123287671235,28.96986301369863,µg/m3,42.64010989010989,NO2,STA_ES0124A,2017.0
Madrid,32.41208791208791,44.917582417582416,µg/m3,58.51239669421488,NO2,STA_ES0125A,2017.0
Madrid,30.186301369863013,35.18131868131868,µg/m3,47.129120879120876,NO2,STA_ES0126A,2017.0
Madrid,14.11142061281337,24.744444444444444,µg/m3,31.069637883008358,NO2,STA_ES1193A,2017.0
Madrid,28.041208791208792,29.715068493150685,µg/m3,43.07692307692308,NO2,STA_ES1645A,2017.0
Madrid,43.277472527472526,40.087671232876716,µg/m3,49.46978021978022,NO2,STA_ES1422A,2017.0
Madrid,36.84022038567493,30.076923076923077,µg/m3,43.44077134986226,NO2,STA_ES1426A,2017.0
Madrid,40.47123287671233,30.59178082191781,µg/m3,43.34615384615385,NO2,STA_ES1525A,2017.0
Madrid,35.844011142061284,28.983471074380166,µg/m3,43.95580110497237,NO2,STA_ES1521A,2017.0
Madrid,32.854395604395606,32.06868131868132,µg/m3,45.73278236914601,NO2,STA_ES1532A,2017.0
Madrid,28.327823691460054,37.41917808219178,µg/m3,48.87362637362637,NO2,STA_ES1937A,2017.0
Madrid,38.251381215469614,27.173553719008265,µg/m3,38.60497237569061,NO2,STA_ES1938A,2017.0
Madrid,20.488950276243095,27.7707182320442,µg/m3,37.31491712707182,NO2,STA_ES1939A,2017.0
Madrid,44.010989010989015,26.173553719008265,µg/m3,37.0,NO2,STA_ES1940A,2017.0
Madrid,27.308539944903583,31.89041095890411,µg/m3,44.01373626373626,NO2,STA_ES1941A,2017.0
Madrid,33.72727272727273,38.251381215469614,µg/m3,51.81818181818182,NO2,STA_ES1942A,2017.0
Madrid,54.67768595041322,42.41436464088398,µg/m3,58.6243093922652,NO2,STA_ES1943A,2017.0
Madrid,29.936986301369863,22.92054794520548,µg/m3,34.247252747252745,NO2,STA_ES1944A,2017.0
Madrid,15.92032967032967,12.58904109589041,µg/m3,16.763085399449036,NO2,STA_ES1945A,2017.0
Madrid,19.11111111111111,21.761772853185594,µg/m3,32.775,NO2,STA_ES1946A,2017.0
Madrid,28.195592286501377,26.07945205479452,µg/m3,36.532967032967036,NO2,STA_ES1947A,2017.0
Madrid,41.80821917808219,26.802739726027397,µg/m3,37.558904109589044,NO2,STA_ES0115A,2018.0
Madrid,56.43801652892562,35.68219178082192,µg/m3,50.04657534246575,NO2,STA_ES0118A,2018.0
Madrid,45.774104683195596,22.0986301369863,µg/m3,33.16164383561644,NO2,STA_ES0120A,2018.0
Madrid,34.36813186813187,23.621917808219177,µg/m3,34.326027397260276,NO2,STA_ES0124A,2018.0
Madrid,27.898630136986302,27.49041095890411,µg/m3,37.69041095890411,NO2,STA_ES0125A,2018.0
Madrid,28.25418994413408,23.337988826815643,µg/m3,32.952513966480446,NO2,STA_ES0126A,2018.0
Madrid,13.327823691460056,15.934246575342465,µg/m3,21.476712328767125,NO2,STA_ES1193A,2018.0
Madrid,28.787292817679557,23.575342465753426,µg/m3,36.05205479452055,NO2,STA_ES1645A,2018.0
Madrid,40.79036827195468,34.10422535211268,µg/m3,42.29859154929577,NO2,STA_ES1422A,2018.0
Madrid,35.912328767123284,24.076923076923077,µg/m3,34.87397260273973,NO2,STA_ES1426A,2018.0
Madrid,39.88493150684931,22.83013698630137,µg/m3,33.75342465753425,NO2,STA_ES1525A,2018.0
Madrid,34.250696378830085,23.686274509803923,µg/m3,34.92156862745098,NO2,STA_ES1521A,2018.0
Madrid,32.21369863013699,24.410958904109588,µg/m3,34.863013698630134,NO2,STA_ES1532A,2018.0
Madrid,26.251381215469614,25.873972602739727,µg/m3,34.68219178082192,NO2,STA_ES1937A,2018.0
Madrid,39.175824175824175,23.726027397260275,µg/m3,33.30684931506849,NO2,STA_ES1938A,2018.0
Madrid,22.516483516483518,21.734246575342464,µg/m3,30.134246575342466,NO2,STA_ES1939A,2018.0
Madrid,44.62637362637363,20.997260273972604,µg/m3,31.2986301369863,NO2,STA_ES1940A,2018.0
Madrid,29.703296703296704,27.07945205479452,µg/m3,36.18356164383562,NO2,STA_ES1941A,2018.0
Madrid,32.96952908587257,28.30958904109589,µg/m3,42.136986301369866,NO2,STA_ES1942A,2018.0
Madrid,53.396694214876035,33.44077134986226,µg/m3,48.07988980716254,NO2,STA_ES1943A,2018.0
Madrid,30.043956043956044,18.71780821917808,µg/m3,27.816438356164383,NO2,STA_ES1944A,2018.0
Madrid,13.776859504132231,9.29041095890411,µg/m3,12.884931506849314,NO2,STA_ES1945A,2018.0
Madrid,19.016528925619834,17.564383561643837,µg/m3,26.394520547945206,NO2,STA_ES1946A,2018.0
Madrid,24.424657534246574,18.49041095890411,µg/m3,25.92876712328767,NO2,STA_ES1947A,2018.0
Berlin,18.778760326942148,20.942908583795017,µg/m3,21.83903046761773,PM10,STA.DE_DEBE010,2016.0
Berlin,21.666426589612186,22.065540163074793,µg/m3,25.18222221880556,PM10,STA.DE_DEBE034,2016.0
Berlin,18.038429748374657,23.122841526530056,µg/m3,21.966202182431694,PM10,STA.DE_DEBE051,2016.0
Berlin,23.097348062762432,23.326804404600548,µg/m3,25.164462806556475,PM10,STA.DE_DEBE061,2016.0
Berlin,24.93013698304109,23.93269230423077,µg/m3,26.055467029285715,PM10,STA.DE_DEBE063,2016.0
Berlin,29.680027318579235,26.54207649920765,µg/m3,28.503360652158474,PM10,STA.DE_DEBE064,2016.0
Berlin,25.712650270000005,27.28628414991803,µg/m3,33.32439890336065,PM10,STA.DE_DEBE065,2016.0
Berlin,20.598169395136612,22.554313183736266,µg/m3,24.679369859561643,PM10,STA.DE_DEBE068,2016.0
Berlin,25.711912564863393,23.315956280655733,µg/m3,28.328087428306013,PM10,STA.DE_DEBE069,2016.0
Berlin,17.34088153911846,20.52313888552778,µg/m3,20.802111107916666,PM10,STA.DE_DEBE010,2017.0
Berlin,20.679999996814406,21.01391666313889,µg/m3,22.407888886000002,PM10,STA.DE_DEBE034,2017.0
Berlin,15.71968926257062,18.975807361473088,µg/m3,19.355694047252126,PM10,STA.DE_DEBE051,2017.0
Berlin,21.703555552305552,22.476694674789915,µg/m3,24.286871504860333,PM10,STA.DE_DEBE061,2017.0
Berlin,27.06180821561644,26.295095886767125,µg/m3,27.99178081808219,PM10,STA.DE_DEBE063,2017.0
Berlin,27.705972599287673,25.27115068126027,µg/m3,27.17019177720548,PM10,STA.DE_DEBE064,2017.0
Berlin,25.767513808977906,25.280630133726024,µg/m3,28.155506845698635,PM10,STA.DE_DEBE065,2017.0
Berlin,19.728760326859504,21.520220990911607,µg/m3,22.544806626077346,PM10,STA.DE_DEBE068,2017.0
Berlin,25.294005521436468,24.18762430582873,µg/m3,25.685966847513818,PM10,STA.DE_DEBE069,2017.0
Berlin,19.526401095164836,20.7602747217033,µg/m3,21.02109889747253,PM10,STA.DE_DEBE010,2018.0
Berlin,23.599861493019393,22.123074788781164,µg/m3,23.041135730138507,PM10,STA.DE_DEBE034,2018.0
Berlin,18.67052054506849,18.573232873095893,µg/m3,18.86112328408219,PM10,STA.DE_DEBE051,2018.0
Berlin,25.495178078684933,22.942246571863013,µg/m3,24.059479448575345,PM10,STA.DE_DEBE061,2018.0
Berlin,28.425479448410965,26.226958900438355,µg/m3,28.096739722164386,PM10,STA.DE_DEBE063,2018.0
Berlin,29.567217627410468,26.010247930358126,µg/m3,27.178126718126723,PM10,STA.DE_DEBE064,2018.0
Berlin,26.605376041225625,24.94522346027933,µg/m3,25.53195530343576,PM10,STA.DE_DEBE065,2018.0
Berlin,22.40366390876033,21.458650133774107,µg/m3,22.057438012920112,PM10,STA.DE_DEBE068,2018.0
Berlin,24.572121209090906,23.21448753132964,µg/m3,24.3731767921547,PM10,STA.DE_DEBE069,2018.0
Berlin,,,µg/m3,15.29492996831933,PM2.5,STA.DE_DEBE010,2016.0
Berlin,,,µg/m3,16.380686809532968,PM2.5,STA.DE_DEBE034,2016.0
Berlin,,,µg/m3,14.387747250384614,PM2.5,STA.DE_DEBE051,2016.0
Berlin,,,µg/m3,18.325537186969697,PM2.5,STA.DE_DEBE065,2016.0
Berlin,,,µg/m3,15.889724513994492,PM2.5,STA.DE_DEBE068,2016.0
Berlin,,,µg/m3,14.497390106098901,PM2.5,STA.DE_DEBE010,2017.0
Berlin,,,µg/m3,15.548324172087913,PM2.5,STA.DE_DEBE034,2017.0
Berlin,,,µg/m3,12.43752940782353,PM2.5,STA.DE_DEBE051,2017.0
Berlin,,,µg/m3,17.397590024764547,PM2.5,STA.DE_DEBE065,2017.0
Berlin,,,µg/m3,15.055730023994492,PM2.5,STA.DE_DEBE068,2017.0
Berlin,,,µg/m3,15.081456040384618,PM2.5,STA.DE_DEBE010,2018.0
Berlin,,,µg/m3,16.3442857106044,PM2.5,STA.DE_DEBE034,2018.0
Berlin,,,µg/m3,12.993296699395607,PM2.5,STA.DE_DEBE051,2018.0
Berlin,,,µg/m3,17.65676056002817,PM2.5,STA.DE_DEBE065,2018.0
Berlin,,,µg/m3,15.49730768879121,PM2.5,STA.DE_DEBE068,2018.0
Berlin,37.098484844765835,28.868060937977845,µg/m3,35.45759002409972,NOX as NO2,STA.DE_DEBE010,2016.0
Berlin,36.50986301013698,27.456366116693992,µg/m3,33.88811475062842,NOX as NO2,STA.DE_DEBE018,2016.0
Berlin,38.845205475616446,28.01120547561644,µg/m3,35.07471232487671,NOX as NO2,STA.DE_DEBE034,2016.0
Berlin,17.093415296448086,17.44095628,µg/m3,19.00013660898907,NOX as NO2,STA.DE_DEBE051,2016.0
Berlin,118.35479338490359,33.62790633261708,µg/m3,45.783085395289255,NOX as NO2,STA.DE_DEBE061,2016.0
Berlin,175.5050958871233,55.253688520573775,µg/m3,72.58491802893442,NOX as NO2,STA.DE_DEBE063,2016.0
Berlin,181.09163934073774,55.933114749781424,µg/m3,71.5024590120765,NOX as NO2,STA.DE_DEBE064,2016.0
Berlin,96.92521857543717,43.90773223707651,µg/m3,52.92745205136987,NOX as NO2,STA.DE_DEBE065,2016.0
Berlin,31.06464480510929,22.526054790849315,µg/m3,25.777747249258248,NOX as NO2,STA.DE_DEBE066,2016.0
Berlin,158.16125682685794,57.63912087491757,µg/m3,70.505846990847,NOX as NO2,STA.DE_DEBE067,2016.0
Berlin,39.229098356721316,27.737527468846157,µg/m3,32.63715068180822,NOX as NO2,STA.DE_DEBE068,2016.0
Berlin,150.46646575008222,45.94183059724043,µg/m3,58.398278684617495,NOX as NO2,STA.DE_DEBE069,2016.0
Berlin,39.246336084628105,30.15482856757143,µg/m3,34.41632947638728,NOX as NO2,STA.DE_DEBE010,2017.0
Berlin,31.7411780779726,24.751205475671235,µg/m3,29.622986297589044,NOX as NO2,STA.DE_DEBE018,2017.0
Berlin,35.64832417206044,27.013370162016578,µg/m3,32.381652889118456,NOX as NO2,STA.DE_DEBE034,2017.0
Berlin,16.267994346553674,14.056572234617564,µg/m3,15.415807361926346,NOX as NO2,STA.DE_DEBE051,2017.0
Berlin,118.4955922830303,30.036546957651932,µg/m3,41.63454545055097,NOX as NO2,STA.DE_DEBE061,2017.0
Berlin,154.63161643460276,49.836082187835615,µg/m3,65.50386300972603,NOX as NO2,STA.DE_DEBE063,2017.0
Berlin,168.94978021645608,51.88005479035617,µg/m3,67.8935068451233,NOX as NO2,STA.DE_DEBE064,2017.0
Berlin,95.65578512079888,42.98904109221918,µg/m3,51.41353424227396,NOX as NO2,STA.DE_DEBE065,2017.0
Berlin,26.707362633653847,21.060439556565935,µg/m3,24.05126373258242,NOX as NO2,STA.DE_DEBE066,2017.0
Berlin,122.39145604063187,46.20901369490411,µg/m3,55.03829669909341,NOX as NO2,STA.DE_DEBE067,2017.0
Berlin,38.152958900219176,27.247499996620878,µg/m3,30.40038461217033,NOX as NO2,STA.DE_DEBE068,2017.0
Berlin,143.60347107101927,44.481397256054805,µg/m3,55.96424657153424,NOX as NO2,STA.DE_DEBE069,2017.0
Berlin,34.9989589000822,28.50632876356164,µg/m3,32.37915068117809,NOX as NO2,STA.DE_DEBE010,2018.0
Berlin,33.30405479063013,24.317178078849317,µg/m3,28.95920547605479,NOX as NO2,STA.DE_DEBE018,2018.0
Berlin,34.51293150336986,22.57898629772603,µg/m3,27.74991780487671,NOX as NO2,STA.DE_DEBE034,2018.0
Berlin,16.374459829778395,13.562049857839337,µg/m3,15.077922434764544,NOX as NO2,STA.DE_DEBE051,2018.0
Berlin,108.38247252373624,30.0925549417033,µg/m3,38.20983516112638,NOX as NO2,STA.DE_DEBE061,2018.0
Berlin,151.00901369471234,45.516821913753425,µg/m3,62.6281917769041,NOX as NO2,STA.DE_DEBE063,2018.0
Berlin,144.05314049242423,41.79889806752066,µg/m3,54.79878787493113,NOX as NO2,STA.DE_DEBE064,2018.0
Berlin,84.80716666291666,33.12604456473538,µg/m3,39.377994425376045,NOX as NO2,STA.DE_DEBE065,2018.0
Berlin,28.043663908236915,18.992301366328768,µg/m3,21.340054791452058,NOX as NO2,STA.DE_DEBE066,2018.0
Berlin,118.01901098607144,43.52898629712329,µg/m3,52.04002739342465,NOX as NO2,STA.DE_DEBE067,2018.0
Berlin,35.69353424306849,21.96739725660274,µg/m3,25.68580821564384,NOX as NO2,STA.DE_DEBE068,2018.0
Berlin,107.12675823771978,37.799585631906076,µg/m3,46.683581263774094,NOX as NO2,STA.DE_DEBE069,2018.0
Berlin,26.60476583636364,22.216814400803326,µg/m3,25.933407199141268,NO2,STA.DE_DEBE010,2016.0
Berlin,26.489424654547943,21.989972673606555,µg/m3,26.21658469639344,NO2,STA.DE_DEBE018,2016.0
Berlin,28.370739722191782,22.507698626246576,µg/m3,26.477232873424658,NO2,STA.DE_DEBE034,2016.0
Berlin,13.860136608360655,13.841584695928963,µg/m3,15.231748630382516,NO2,STA.DE_DEBE051,2016.0
Berlin,55.895371896694215,23.20719007903581,µg/m3,28.826997241515155,NO2,STA.DE_DEBE061,2016.0
Berlin,64.71879451632877,30.547322400628417,µg/m3,36.88191256420765,NO2,STA.DE_DEBE063,2016.0
Berlin,69.66232240040983,31.273251362431697,µg/m3,37.88346994142076,NO2,STA.DE_DEBE064,2016.0
Berlin,46.854754093715854,27.460519122513663,µg/m3,31.909561639972605,NO2,STA.DE_DEBE065,2016.0
Berlin,21.481120214945356,16.975753421342464,µg/m3,19.57392856782967,NO2,STA.DE_DEBE066,2016.0
Berlin,67.13669398508196,30.23052197414835,µg/m3,35.89221311073771,NO2,STA.DE_DEBE067,2016.0
Berlin,29.520792345846996,22.315989007197803,µg/m3,25.775972598904108,NO2,STA.DE_DEBE068,2016.0
Berlin,58.23723287276712,25.836748630409836,µg/m3,30.577213110983607,NO2,STA.DE_DEBE069,2016.0
Berlin,28.898842971239667,23.548103444482763,µg/m3,26.517138724682084,NO2,STA.DE_DEBE010,2017.0
Berlin,25.16364383230137,20.174191777150686,µg/m3,23.621972599068492,NO2,STA.DE_DEBE018,2017.0
Berlin,27.609752743681323,21.867265189475138,µg/m3,26.08454545090909,NO2,STA.DE_DEBE034,2017.0
Berlin,13.873022595310735,11.933229458186968,µg/m3,13.351813027393767,NO2,STA.DE_DEBE051,2017.0
Berlin,56.153829196859505,21.25113259273481,µg/m3,26.905316800909088,NO2,STA.DE_DEBE061,2017.0
Berlin,59.91942465326028,29.087205475260276,µg/m3,35.179643831698634,NO2,STA.DE_DEBE063,2017.0
Berlin,66.38967032538461,29.39632876328767,µg/m3,36.73317807810959,NO2,STA.DE_DEBE064,2017.0
Berlin,47.787906331680446,27.22638355838356,µg/m3,31.783123283835618,NO2,STA.DE_DEBE065,2017.0
Berlin,20.57591780468493,16.426895600686812,µg/m3,19.11458790857143,NO2,STA.DE_DEBE066,2017.0
Berlin,56.8777134945179,26.957561640082194,µg/m3,31.42712328410959,NO2,STA.DE_DEBE067,2017.0
Berlin,29.663287667479455,21.898901095961538,µg/m3,25.133379117225278,NO2,STA.DE_DEBE068,2017.0
Berlin,58.23622589118458,25.465178078767124,µg/m3,30.32663013306849,NO2,STA.DE_DEBE069,2017.0
Berlin,26.78599999638356,23.05564383208219,µg/m3,25.260465749753422,NO2,STA.DE_DEBE010,2018.0
Berlin,25.593671229479455,20.80778081830137,µg/m3,23.923561640712332,NO2,STA.DE_DEBE018,2018.0
Berlin,26.218904105863018,19.399671229616445,µg/m3,22.806520544849317,NO2,STA.DE_DEBE034,2018.0
Berlin,14.3062326832687,11.93767312689751,µg/m3,13.507202212742383,NO2,STA.DE_DEBE051,2018.0
Berlin,53.31557691848902,22.482829666840658,µg/m3,26.362032963626376,NO2,STA.DE_DEBE061,2018.0
Berlin,60.69723287273973,28.308219174136987,µg/m3,34.34139725687672,NO2,STA.DE_DEBE063,2018.0
Berlin,62.06710743391185,26.579173549944905,µg/m3,32.45162534024793,NO2,STA.DE_DEBE064,2018.0
Berlin,43.58583332944445,23.488969355877437,µg/m3,27.2340668486351,NO2,STA.DE_DEBE065,2018.0
Berlin,20.13936638790634,15.21947944830137,µg/m3,17.10989040739726,NO2,STA.DE_DEBE066,2018.0
Berlin,55.93269230348901,26.314657531150683,µg/m3,30.594767119589044,NO2,STA.DE_DEBE067,2018.0
Berlin,27.468958900410957,18.8918356129863,µg/m3,21.45416438035617,NO2,STA.DE_DEBE068,2018.0
Berlin,49.26898351228022,24.696160217596685,µg/m3,28.216556470661164,NO2,STA.DE_DEBE069,2018.0
Berlin,,,µg/m3,48.21,NO2,STA.DE_DEBE082,2018.0
Berlin,,,µg/m3,37.63,NO2,STA.DE_DEBE083,2018.0
Berlin,,,µg/m3,40.85,NO2,STA.DE_DEBE084,2018.0
Berlin,,,µg/m3,43.97999999,NO2,STA.DE_DEBE085,2018.0
Berlin,,,µg/m3,42.71,NO2,STA.DE_DEBE086,2018.0
Berlin,,,µg/m3,34.78999999,NO2,STA.DE_DEBE087,2018.0
Berlin,,,µg/m3,34.35,NO2,STA.DE_DEBE088,2018.0
Berlin,,,µg/m3,46.43,NO2,STA.DE_DEBE089,2018.0
Berlin,,,µg/m3,34.59,NO2,STA.DE_DEBE090,2018.0
Berlin,,,µg/m3,48.39,NO2,STA.DE_DEBE091,2018.0
Berlin,,,µg/m3,42.27,NO2,STA.DE_DEBE092,2018.0
Berlin,,,µg/m3,33.99,NO2,STA.DE_DEBE093,2018.0
Berlin,,,µg/m3,37.78,NO2,STA.DE_DEBE094,2018.0
Berlin,,,µg/m3,41.53,NO2,STA.DE_DEBE095,2018.0
Berlin,,,µg/m3,41.14999999,NO2,STA.DE_DEBE096,2018.0
Berlin,,,µg/m3,42.65999999,NO2,STA.DE_DEBE097,2018.0
Berlin,,,µg/m3,50.61999999,NO2,STA.DE_DEBE098,2018.0
Berlin,,,µg/m3,32.88,NO2,STA.DE_DEBE100,2018.0
Berlin,,,µg/m3,44.14,NO2,STA.DE_DEBE101,2018.0
Berlin,,,µg/m3,36.89999999,NO2,STA.DE_DEBE102,2018.0
Berlin,,,µg/m3,28.23,NO2,STA.DE_DEBE103,2018.0
Berlin,,,µg/m3,35.72999999,NO2,STA.DE_DEBE104,2018.0
Berlin,,,µg/m3,37.15999999,NO2,STA.DE_DEBE105,2018.0
Frankfurt%20am%20Main,14.792355766398893,20.521608287700833,µg/m3,20.68361677461326,PM10,STA.DE_DEHE005,2016.0
Frankfurt%20am%20Main,,,µg/m3,15.532346634833335,PM10,STA.DE_DEHE005,2016.0
Frankfurt%20am%20Main,16.031534665863013,23.18793939386301,µg/m3,23.00765344750685,PM10,STA.DE_DEHE008,2016.0
Frankfurt%20am%20Main,,,µg/m3,16.716584930491802,PM10,STA.DE_DEHE008,2016.0
Frankfurt%20am%20Main,19.92553242862259,23.869009016164384,µg/m3,26.483515630164376,PM10,STA.DE_DEHE041,2016.0
Frankfurt%20am%20Main,,,µg/m3,16.382531731885244,PM10,STA.DE_DEHE053,2016.0
Frankfurt%20am%20Main,,,µg/m3,18.889532070081966,PM10,STA.DE_DEHE056,2016.0
Frankfurt%20am%20Main,14.491877533728815,19.829164227444444,µg/m3,19.733536185000002,PM10,STA.DE_DEHE005,2017.0
Frankfurt%20am%20Main,,,µg/m3,17.97335469619835,PM10,STA.DE_DEHE005,2017.0
Frankfurt%20am%20Main,15.20627205934066,23.240387097575763,µg/m3,23.08913913334254,PM10,STA.DE_DEHE008,2017.0
Frankfurt%20am%20Main,,,µg/m3,18.172777011900827,PM10,STA.DE_DEHE008,2017.0
Frankfurt%20am%20Main,20.133137994321327,23.94529932827298,µg/m3,24.93275227531681,PM10,STA.DE_DEHE041,2017.0
Frankfurt%20am%20Main,,,µg/m3,17.532791144545456,PM10,STA.DE_DEHE053,2017.0
Frankfurt%20am%20Main,,,µg/m3,20.199200436942146,PM10,STA.DE_DEHE056,2017.0
Frankfurt%20am%20Main,11.533501442846152,13.469888886589146,µg/m3,13.824806048914727,PM10,STA.DE_DEHE135,2017.0
Frankfurt%20am%20Main,18.60003921438889,19.785603484725275,µg/m3,20.400260761322315,PM10,STA.DE_DEHE005,2018.0
Frankfurt%20am%20Main,,,µg/m3,19.788566491803284,PM10,STA.DE_DEHE005,2018.0
Frankfurt%20am%20Main,17.15317681707182,21.744990097479228,µg/m3,22.35702072022161,PM10,STA.DE_DEHE008,2018.0
Frankfurt%20am%20Main,,,µg/m3,19.082494283360656,PM10,STA.DE_DEHE008,2018.0
Frankfurt%20am%20Main,23.153468210760234,24.022817753098597,µg/m3,25.813209183031162,PM10,STA.DE_DEHE041,2018.0
Frankfurt%20am%20Main,,,µg/m3,17.62713333967213,PM10,STA.DE_DEHE053,2018.0
Frankfurt%20am%20Main,,,µg/m3,19.496930400901636,PM10,STA.DE_DEHE056,2018.0
Frankfurt%20am%20Main,16.56623997378082,14.959346434273971,µg/m3,15.413096576602738,PM10,STA.DE_DEHE135,2018.0
Frankfurt%20am%20Main,,,µg/m3,11.64999669509589,PM2.5,STA.DE_DEHE008,2016.0
Frankfurt%20am%20Main,11.942292096630139,16.017683609918034,µg/m3,17.629639708060107,PM2.5,STA.DE_DEHE041,2016.0
Frankfurt%20am%20Main,,,µg/m3,12.227041091808218,PM2.5,STA.DE_DEHE008,2017.0
Frankfurt%20am%20Main,11.649739774176139,15.874724435096416,µg/m3,16.07807633878788,PM2.5,STA.DE_DEHE041,2017.0
Frankfurt%20am%20Main,7.694579462153847,9.4956960224031,µg/m3,9.619499590542636,PM2.5,STA.DE_DEHE135,2017.0
Frankfurt%20am%20Main,,,µg/m3,12.593193273837537,PM2.5,STA.DE_DEHE008,2018.0
Frankfurt%20am%20Main,13.379545819587912,16.178203733928573,µg/m3,16.983039664958902,PM2.5,STA.DE_DEHE041,2018.0
Frankfurt%20am%20Main,9.59929229890411,11.01888155660274,µg/m3,10.927779768657535,PM2.5,STA.DE_DEHE135,2018.0
Frankfurt%20am%20Main,70.72704983123288,46.243497383351645,µg/m3,59.465683792109594,NOX as NO2,STA.DE_DEHE005,2016.0
Frankfurt%20am%20Main,62.53217566306011,44.90892861833333,µg/m3,49.71038764983606,NOX as NO2,STA.DE_DEHE008,2016.0
Frankfurt%20am%20Main,147.56845790784152,69.68969038792349,µg/m3,82.31848376939892,NOX as NO2,STA.DE_DEHE041,2016.0
Frankfurt%20am%20Main,74.14466086312329,43.93201155706849,µg/m3,56.73694552764385,NOX as NO2,STA.DE_DEHE005,2017.0
Frankfurt%20am%20Main,57.64919694068494,43.72070891340659,µg/m3,47.76563167975275,NOX as NO2,STA.DE_DEHE008,2017.0
Frankfurt%20am%20Main,122.90522781476713,60.68326532742466,µg/m3,67.83993480706849,NOX as NO2,STA.DE_DEHE041,2017.0
Frankfurt%20am%20Main,35.051463509407895,36.34557449112584,µg/m3,39.60474825291391,NOX as NO2,STA.DE_DEHE135,2017.0
Frankfurt%20am%20Main,64.54544162093407,38.92354069585165,µg/m3,49.14281371368132,NOX as NO2,STA.DE_DEHE005,2018.0
Frankfurt%20am%20Main,46.925277618246575,37.0265313306044,µg/m3,40.55438006972603,NOX as NO2,STA.DE_DEHE008,2018.0
Frankfurt%20am%20Main,120.99036980643835,52.981987209835616,µg/m3,59.388214962054796,NOX as NO2,STA.DE_DEHE041,2018.0
Frankfurt%20am%20Main,28.53532494991781,35.83948749619178,µg/m3,38.6223342750137,NOX as NO2,STA.DE_DEHE135,2018.0
Frankfurt%20am%20Main,39.38644825767123,30.04390907376374,µg/m3,35.5770459179452,NO2,STA.DE_DEHE005,2016.0
Frankfurt%20am%20Main,34.85558265213115,28.199299017759564,µg/m3,31.084424804644808,NO2,STA.DE_DEHE008,2016.0
Frankfurt%20am%20Main,65.92475391207651,36.53045897939891,µg/m3,43.64654585448087,NO2,STA.DE_DEHE041,2016.0
Frankfurt%20am%20Main,42.144580499424656,29.248127391780823,µg/m3,34.89546879219178,NO2,STA.DE_DEHE005,2017.0
Frankfurt%20am%20Main,34.427982645068504,27.971278413653845,µg/m3,30.811545167252746,NO2,STA.DE_DEHE008,2017.0
Frankfurt%20am%20Main,58.36579723813699,34.6858140819452,µg/m3,39.687136044082195,NO2,STA.DE_DEHE041,2017.0
Frankfurt%20am%20Main,25.82232722111842,17.575033635629136,µg/m3,20.88149721218543,NO2,STA.DE_DEHE135,2017.0
Frankfurt%20am%20Main,,,µg/m3,54.20013788909091,NO2,STA.DE_DEHE136,2017.0
Frankfurt%20am%20Main,37.57767482777473,27.848283247857147,µg/m3,32.18202556255495,NO2,STA.DE_DEHE005,2018.0
Frankfurt%20am%20Main,29.505592173780823,25.90900259892857,µg/m3,28.784522486931508,NO2,STA.DE_DEHE008,2018.0
Frankfurt%20am%20Main,57.63750657279452,32.0308569239726,µg/m3,37.33851087219178,NO2,STA.DE_DEHE041,2018.0
Frankfurt%20am%20Main,22.032258942547948,23.77724626879452,µg/m3,26.75966910643836,NO2,STA.DE_DEHE135,2018.0
Frankfurt%20am%20Main,,,µg/m3,,NO2,STA.DE_DEHE136,2018.0
Frankfurt%20am%20Main,,,µg/m3,42.07363449,NO2,STA.DE_DEHE139,2018.0
Frankfurt%20am%20Main,,,µg/m3,46.3635068,NO2,STA.DE_DEHE140,2018.0
Frankfurt%20am%20Main,,,µg/m3,32.9062774,NO2,STA.DE_DEHE141,2018.0
Frankfurt%20am%20Main,,,µg/m3,,NO2,STA.DE_DEHE144,2018.0
Frankfurt%20am%20Main,,,µg/m3,28.92376129,NO2,STA.DE_DEHE145,2018.0
Frankfurt%20am%20Main,,,µg/m3,54.1011194,NO2,STA.DE_DEHE146,2018.0
